Tarih,Ev Sahibi Takım,Deplasman Takımı,Ev Galibiyeti Oranı,Beraberlik Oranı,Deplasman Galibiyeti Oranı
"Jun 7, 2023, 20:00",Giresunspor,Antalyaspor,2,3.4,3.1
"Jun 7, 2023, 20:00",İstanbulspor,Ümraniyespor,1.91,3.5,3.2
"Jun 7, 2023, 20:00",Ankaragücü,Adana Demirspor,2.3,3.5,2.5
"Jun 7, 2023, 20:00",Beşiktaş,Konyaspor,1.4,4.25,6.5
"Jun 7, 2023, 16:00",Hatayspor,Galatasaray,-,-,-
"Jun 7, 2023, 16:00",Fenerbahçe,Gazişehir Gaziantep,-,-,-
"Jun 6, 2023, 20:00",İstanbul Başakşehir,Trabzonspor,2.7,3.2,2.3
"Jun 6, 2023, 17:00",Fatih Karagümrük,Kasımpaşa,2,3.5,3
"Jun 6, 2023, 17:00",Sivasspor,Kayserispor,1.61,3.7,4.6
"Jun 4, 2023, 19:00",Galatasaray,Fenerbahçe,2.05,3.9,3.1
"Jun 3, 2023, 19:00",Trabzonspor,Alanyaspor,1.36,4.75,6.5
"Jun 3, 2023, 19:00",Kasımpaşa,Beşiktaş,4.2,4.1,1.62
"Jun 3, 2023, 19:00",Kayserispor,Ankaragücü,2.2,3.6,2.8
"Jun 3, 2023, 19:00",Adana Demirspor,İstanbul Başakşehir,1.75,3.9,3.8
"Jun 3, 2023, 19:00",Gazişehir Gaziantep,İstanbulspor,-,-,-
"Jun 3, 2023, 19:00",Ümraniyespor,Giresunspor,2.7,3.8,2.15
"Jun 3, 2023, 19:00",Antalyaspor,Hatayspor,-,-,-
"Jun 3, 2023, 16:00",Konyaspor,Fatih Karagümrük,2,3.7,3.3
"May 30, 2023, 20:00",Fenerbahçe,Antalyaspor,1.33,4.8,7.5
"May 30, 2023, 20:00",Hatayspor,Ümraniyespor,-,-,-
"May 30, 2023, 20:00",Ankaragücü,Galatasaray,5.5,4.5,1.44
"May 30, 2023, 20:00",Giresunspor,Trabzonspor,2.5,3.5,2.4
"May 30, 2023, 20:00",İstanbul Başakşehir,Gazişehir Gaziantep,-,-,-
"May 30, 2023, 20:00",İstanbulspor,Adana Demirspor,2.2,3.9,2.6
"May 30, 2023, 20:00",Alanyaspor,Kasımpaşa,2.1,3.7,2.88
"May 30, 2023, 20:00",Sivasspor,Konyaspor,2.05,3.4,3.2
"May 30, 2023, 20:00",Fatih Karagümrük,Kayserispor,2.05,3.8,2.9
"May 22, 2023, 20:00",Trabzonspor,Fatih Karagümrük,2.07,3.42,2.83
"May 21, 2023, 19:00",Adana Demirspor,Beşiktaş,2.38,3.5,2.65
"May 21, 2023, 19:00",Antalyaspor,İstanbul Başakşehir,2.23,3.5,2.9
"May 21, 2023, 19:00",Hatayspor,Fenerbahçe,-,-,-
"May 21, 2023, 19:00",Gazişehir Gaziantep,Giresunspor,-,-,-
"May 21, 2023, 16:00",Ümraniyespor,Ankaragücü,2.65,3.52,2.56
"May 20, 2023, 19:00",Kayserispor,Alanyaspor,2.1,3.5,3.2
"May 20, 2023, 19:00",Galatasaray,Sivasspor,1.33,5,7.5
"May 20, 2023, 16:00",Kasımpaşa,İstanbulspor,1.8,3.75,3.85
"May 18, 2023, 20:00",Fenerbahçe,Trabzonspor,1.84,3.65,3.8
"May 17, 2023, 20:00",Ankaragücü,Antalyaspor,2.31,3.5,2.85
"May 17, 2023, 20:00",Fatih Karagümrük,Adana Demirspor,2.95,3.85,2.14
"May 17, 2023, 19:00",Beşiktaş,Gazişehir Gaziantep,-,-,-
"May 17, 2023, 19:00",Giresunspor,Hatayspor,-,-,-
"May 17, 2023, 17:00",İstanbul Başakşehir,Ümraniyespor,1.8,3.9,4
"May 16, 2023, 20:00",İstanbulspor,Galatasaray,7.5,4.75,1.33
"May 16, 2023, 20:00",Alanyaspor,Konyaspor,2.35,3.25,2.6
"May 16, 2023, 17:00",Sivasspor,Kasımpaşa,2.05,3.5,3.3
"May 8, 2023, 20:00",Trabzonspor,Ankaragücü,1.95,3.7,3.4
"May 8, 2023, 20:00",Galatasaray,İstanbul Başakşehir,1.41,4.8,6.2
"May 7, 2023, 19:00",Gazişehir Gaziantep,Fatih Karagümrük,-,-,-
"May 7, 2023, 19:00",Hatayspor,İstanbulspor,-,-,-
"May 7, 2023, 19:00",Giresunspor,Fenerbahçe,6.25,4.5,1.44
"May 7, 2023, 16:00",Konyaspor,Kayserispor,1.64,4.1,4.4
"May 7, 2023, 13:30",Ümraniyespor,Sivasspor,2.87,3.5,2.25
"May 6, 2023, 21:00",Adana Demirspor,Alanyaspor,1.5,4.75,4.95
"May 6, 2023, 19:00",Antalyaspor,Beşiktaş,3.3,3.65,2
"May 1, 2023, 20:00",İstanbulspor,Giresunspor,2.5,3.3,2.7
"Apr 30, 2023, 19:00",Beşiktaş,Galatasaray,2.75,3.4,2.42
"Apr 30, 2023, 19:00",Kayserispor,Gazişehir Gaziantep,-,-,-
"Apr 30, 2023, 19:00",İstanbul Başakşehir,Hatayspor,-,-,-
"Apr 29, 2023, 19:00",Ankaragücü,Kasımpaşa,2.25,3.2,2.8
"Apr 29, 2023, 19:00",Sivasspor,Fenerbahçe,4.2,3.5,1.7
"Apr 29, 2023, 16:00",Fatih Karagümrük,Antalyaspor,2,3.5,3.25
"Apr 29, 2023, 16:00",Konyaspor,Trabzonspor,2.6,3.3,2.45
"Apr 28, 2023, 20:00",Alanyaspor,Ümraniyespor,2.05,3.92,3.52
"Apr 24, 2023, 20:00",Antalyaspor,Sivasspor,2.18,3.4,3
"Apr 24, 2023, 20:00",Fenerbahçe,İstanbulspor,1.22,6.2,10
"Apr 24, 2023, 17:00",Giresunspor,İstanbul Başakşehir,2.7,3.4,2.41
"Apr 23, 2023, 19:00",Gazişehir Gaziantep,Alanyaspor,-,-,-
"Apr 23, 2023, 19:00",Galatasaray,Fatih Karagümrük,1.44,4.09,5.24
"Apr 23, 2023, 19:00",Hatayspor,Ankaragücü,-,-,-
"Apr 23, 2023, 16:00",Adana Demirspor,Kayserispor,1.83,3.5,3.9
"Apr 23, 2023, 13:30",Kasımpaşa,Konyaspor,2.55,3.45,2.45
"Apr 22, 2023, 19:00",Ümraniyespor,Beşiktaş,3.7,3.5,1.8
"Apr 20, 2023, 20:30",Sivasspor,Trabzonspor,2.56,3.55,2.44
"Apr 20, 2023, 17:00",Ankaragücü,Giresunspor,1.9,3.65,3.78
"Apr 19, 2023, 20:30",Konyaspor,Adana Demirspor,2.45,3.35,2.79
"Apr 19, 2023, 20:30",İstanbul Başakşehir,Fenerbahçe,3.78,3.65,1.9
"Apr 19, 2023, 19:00",Beşiktaş,Hatayspor,-,-,-
"Apr 19, 2023, 17:00",İstanbulspor,Antalyaspor,2.71,3.35,2.32
"Apr 19, 2023, 17:00",Kayserispor,Kasımpaşa,2.29,3.4,2.78
"Apr 18, 2023, 20:30",Fatih Karagümrük,Ümraniyespor,1.8,3.6,3.6
"Apr 18, 2023, 20:30",Alanyaspor,Galatasaray,5.2,4.2,1.5
"Apr 16, 2023, 20:30",Trabzonspor,Beşiktaş,2.26,3.4,2.96
"Apr 16, 2023, 19:00",Hatayspor,Fatih Karagümrük,-,-,-
"Apr 16, 2023, 19:00",Gazişehir Gaziantep,Konyaspor,-,-,-
"Apr 16, 2023, 16:00",Giresunspor,Sivasspor,2.5,3.25,2.7
"Apr 15, 2023, 20:30",Fenerbahçe,Ankaragücü,1.34,5.2,7.91
"Apr 15, 2023, 16:00",İstanbulspor,İstanbul Başakşehir,4.5,3.6,1.77
"Apr 15, 2023, 16:00",Adana Demirspor,Kasımpaşa,1.72,4.05,4.22
"Apr 14, 2023, 20:30",Antalyaspor,Alanyaspor,2.04,3.65,3.67
"Apr 14, 2023, 20:30",Galatasaray,Kayserispor,1.28,6.21,9.07
"Apr 10, 2023, 20:30",Fatih Karagümrük,Fenerbahçe,4.6,4.1,1.63
"Apr 10, 2023, 16:00",Kayserispor,Ümraniyespor,1.88,3.7,3.7
"Apr 9, 2023, 20:30",Beşiktaş,Giresunspor,1.48,4.75,5.55
"Apr 9, 2023, 19:00",Adana Demirspor,Gazişehir Gaziantep,-,-,-
"Apr 9, 2023, 19:00",Alanyaspor,Hatayspor,-,-,-
"Apr 9, 2023, 16:00",Sivasspor,İstanbul Başakşehir,5.47,3.4,1.58
"Apr 8, 2023, 20:30",Kasımpaşa,Trabzonspor,3.15,3.6,2.15
"Apr 8, 2023, 16:00",Ankaragücü,İstanbulspor,2.1,3.4,3.3
"Apr 7, 2023, 20:30",Konyaspor,Antalyaspor,2.04,3.5,3.3
"Apr 3, 2023, 20:30",İstanbulspor,Fatih Karagümrük,3.05,3.6,2.14
"Apr 2, 2023, 20:30",Fenerbahçe,Beşiktaş,1.89,3.7,3.65
"Apr 2, 2023, 19:00",Hatayspor,Sivasspor,-,-,-
"Apr 2, 2023, 19:00",Gazişehir Gaziantep,Kasımpaşa,-,-,-
"Apr 2, 2023, 16:00",Giresunspor,Alanyaspor,2.45,3.55,2.65
"Apr 2, 2023, 13:30",Ümraniyespor,Konyaspor,2.9,3.5,2.28
"Apr 1, 2023, 20:30",Galatasaray,Adana Demirspor,1.44,4.5,6
"Apr 1, 2023, 16:00",İstanbul Başakşehir,Ankaragücü,1.83,3.6,4
"Apr 1, 2023, 16:00",Trabzonspor,Kayserispor,1.45,4.33,6
"Mar 19, 2023, 19:00",Gazişehir Gaziantep,Trabzonspor,-,-,-
"Mar 19, 2023, 19:00",Alanyaspor,Fenerbahçe,4.1,4,1.75
"Mar 19, 2023, 19:00",Kayserispor,Hatayspor,-,-,-
"Mar 19, 2023, 16:00",Sivasspor,Ankaragücü,2.32,3.55,2.85
"Mar 19, 2023, 16:00",Fatih Karagümrük,İstanbul Başakşehir,2.92,3.7,2.2
"Mar 18, 2023, 19:00",Beşiktaş,İstanbulspor,1.27,6,10
"Mar 18, 2023, 16:00",Adana Demirspor,Antalyaspor,1.8,3.85,4.2
"Mar 18, 2023, 13:30",Kasımpaşa,Ümraniyespor,1.77,3.95,4.2
"Mar 17, 2023, 20:00",Konyaspor,Galatasaray,3.64,3.59,1.75
"Mar 13, 2023, 20:00",İstanbulspor,Sivasspor,3.25,3.65,2.08
"Mar 12, 2023, 19:00",İstanbul Başakşehir,Beşiktaş,2.5,3.6,2.6
"Mar 12, 2023, 19:00",Ümraniyespor,Gazişehir Gaziantep,3.05,3.6,2.18
"Mar 12, 2023, 19:00",Hatayspor,Konyaspor,2.7,3.55,2.45
"Mar 12, 2023, 16:00",Trabzonspor,Adana Demirspor,2.21,3.5,2.91
"Mar 12, 2023, 13:30",Ankaragücü,Alanyaspor,2.42,3.65,2.56
"Mar 11, 2023, 19:00",Galatasaray,Kasımpaşa,1.3,5.75,8.5
"Mar 11, 2023, 16:00",Antalyaspor,Kayserispor,2.2,3.45,3.25
"Mar 10, 2023, 20:00",Giresunspor,Fatih Karagümrük,2.57,3.65,2.4
"Mar 6, 2023, 20:00",Kasımpaşa,Antalyaspor,2.35,3.6,2.64
"Mar 5, 2023, 19:00",Gazişehir Gaziantep,Galatasaray,4.6,3.95,1.61
"Mar 5, 2023, 19:00",Beşiktaş,Ankaragücü,1.62,4.22,4.77
"Mar 5, 2023, 19:00",Adana Demirspor,Hatayspor,1.61,3.7,4.5
"Mar 5, 2023, 16:00",Konyaspor,Giresunspor,1.81,3.72,4.12
"Mar 4, 2023, 19:00",Kayserispor,Fenerbahçe,3.65,3.6,1.95
"Mar 4, 2023, 16:00",Trabzonspor,Ümraniyespor,1.4,5,7.5
"Mar 4, 2023, 13:30",Fatih Karagümrük,Sivasspor,2.1,3.25,3
"Mar 3, 2023, 20:00",Alanyaspor,İstanbul Başakşehir,2.74,3.52,2.47
"Feb 26, 2023, 19:00",Beşiktaş,Antalyaspor,1.67,3.8,5
"Feb 26, 2023, 16:00",Ümraniyespor,Adana Demirspor,3,3.8,2.1
"Feb 25, 2023, 19:00",Fenerbahçe,Konyaspor,1.45,4.2,6
"Feb 25, 2023, 19:00",Giresunspor,Kayserispor,2.3,3.25,2.8
"Feb 5, 2023, 19:00",Galatasaray,Trabzonspor,3.03,2.62,2.52
"Feb 5, 2023, 16:00",Hatayspor,Kasımpaşa,2.34,3.7,2.61
"Feb 5, 2023, 13:30",İstanbulspor,Alanyaspor,3.05,3.45,2.24
"Feb 4, 2023, 19:00",Antalyaspor,Gazişehir Gaziantep,2.15,3.45,3.2
"Feb 4, 2023, 16:00",Sivasspor,Beşiktaş,3.2,3.55,2.09
"Feb 4, 2023, 13:30",Ankaragücü,Fatih Karagümrük,2.11,3.55,3.15
"Feb 2, 2023, 20:00",Adana Demirspor,Fenerbahçe,3.3,3.65,2.05
"Feb 2, 2023, 17:00",Kayserispor,İstanbul Başakşehir,2.69,3.45,2.38
"Feb 2, 2023, 17:00",Konyaspor,İstanbulspor,1.5,4.35,5.4
"Feb 1, 2023, 20:00",Trabzonspor,Antalyaspor,1.24,2.62,3.69
"Feb 1, 2023, 20:00",Galatasaray,Ümraniyespor,1.1,5.57,10.7
"Feb 1, 2023, 17:00",Kasımpaşa,Giresunspor,2.11,3.5,3.2
"Feb 1, 2023, 17:00",Gazişehir Gaziantep,Hatayspor,2.14,3.45,3.2
"Jan 31, 2023, 20:00",Fatih Karagümrük,Beşiktaş,3.75,3.65,1.87
"Jan 31, 2023, 17:00",Alanyaspor,Sivasspor,2.04,3.6,3.2
"Jan 29, 2023, 19:00",Fenerbahçe,Kasımpaşa,1.35,5.1,6.9
"Jan 29, 2023, 19:00",İstanbul Başakşehir,Konyaspor,2.04,3.6,3.2
"Jan 29, 2023, 13:30",İstanbulspor,Kayserispor,2.9,3.5,2.3
"Jan 28, 2023, 19:00",Antalyaspor,Ümraniyespor,2.06,3.4,3.35
"Jan 28, 2023, 19:00",Giresunspor,Galatasaray,4.9,4,1.6
"Jan 28, 2023, 16:00",Hatayspor,Trabzonspor,3.5,3.4,2
"Jan 28, 2023, 16:00",Ankaragücü,Gazişehir Gaziantep,2.13,3.45,3.1
"Jan 28, 2023, 13:30",Sivasspor,Adana Demirspor,2.77,3.45,2.34
"Jan 27, 2023, 20:00",Beşiktaş,Alanyaspor,1.51,3.9,4.95
"Jan 23, 2023, 20:00",Konyaspor,Ankaragücü,2.05,3.3,3.25
"Jan 23, 2023, 20:00",Ümraniyespor,Fenerbahçe,5,4.1,1.53
"Jan 22, 2023, 19:00",Trabzonspor,İstanbulspor,1.38,5.19,7.75
"Jan 22, 2023, 16:00",Alanyaspor,Fatih Karagümrük,2.05,3.6,3.1
"Jan 22, 2023, 16:00",Kayserispor,Beşiktaş,3.2,3.6,2.01
"Jan 22, 2023, 13:30",Gazişehir Gaziantep,Sivasspor,2.7,3.25,2.55
"Jan 21, 2023, 19:00",Galatasaray,Antalyaspor,1.51,4.67,6.02
"Jan 21, 2023, 16:00",Kasımpaşa,İstanbul Başakşehir,2.8,3.3,2.22
"Jan 20, 2023, 20:00",Adana Demirspor,Giresunspor,1.77,3.8,4.2
"Jan 15, 2023, 19:00",Gazişehir Gaziantep,Fenerbahçe,4.33,3.7,1.75
"Jan 15, 2023, 16:00",Kasımpaşa,Fatih Karagümrük,2.12,3.33,2.79
"Jan 15, 2023, 13:30",Ümraniyespor,İstanbulspor,2.14,3.26,2.81
"Jan 14, 2023, 19:00",Trabzonspor,İstanbul Başakşehir,2.08,3.45,3.25
"Jan 14, 2023, 16:00",Adana Demirspor,Ankaragücü,1.84,3.97,3.91
"Jan 14, 2023, 16:00",Konyaspor,Beşiktaş,2.71,3.48,2.54
"Jan 14, 2023, 13:30",Antalyaspor,Giresunspor,1.97,3.52,3.88
"Jan 13, 2023, 20:00",Galatasaray,Hatayspor,1.43,4.75,5.8
"Jan 13, 2023, 19:00",Kayserispor,Sivasspor,2.24,3.6,2.83
"Jan 9, 2023, 20:00",Alanyaspor,Trabzonspor,3.01,3.58,2.27
"Jan 9, 2023, 20:00",İstanbulspor,Gazişehir Gaziantep,2.79,3.48,2.45
"Jan 9, 2023, 17:00",İstanbul Başakşehir,Adana Demirspor,2.14,3.48,3.34
"Jan 8, 2023, 19:00",Fenerbahçe,Galatasaray,2.06,3.45,3.3
"Jan 8, 2023, 16:00",Ankaragücü,Kayserispor,2.69,3.45,2.45
"Jan 8, 2023, 16:00",Giresunspor,Ümraniyespor,2.1,3.48,3.27
"Jan 8, 2023, 13:30",Fatih Karagümrük,Konyaspor,2.74,3.38,2.44
"Jan 7, 2023, 19:00",Beşiktaş,Kasımpaşa,1.57,4.2,4.75
"Jan 7, 2023, 16:00",Hatayspor,Antalyaspor,2.6,3.4,2.44
"Jan 5, 2023, 20:00",Trabzonspor,Giresunspor,1.53,4,5.5
"Jan 5, 2023, 20:00",Adana Demirspor,İstanbulspor,1.53,4,5.5
"Jan 5, 2023, 17:00",Gazişehir Gaziantep,İstanbul Başakşehir,2.9,3.3,2.3
"Jan 4, 2023, 20:00",Galatasaray,Ankaragücü,1.41,4.4,5.8
"Jan 4, 2023, 20:00",Konyaspor,Sivasspor,1.93,3.35,3.4
"Jan 4, 2023, 17:00",Kasımpaşa,Alanyaspor,2.26,3.35,2.7
"Jan 4, 2023, 17:00",Kayserispor,Fatih Karagümrük,1.98,3.4,3.2
"Jan 3, 2023, 20:00",Antalyaspor,Fenerbahçe,4.3,3.85,1.74
"Jan 3, 2023, 17:00",Ümraniyespor,Hatayspor,2.33,3.35,2.95
"Dec 29, 2022, 20:00",Beşiktaş,Adana Demirspor,1.8,3.85,3.95
"Dec 29, 2022, 17:00",Sivasspor,Galatasaray,4.33,3.8,1.75
"Dec 29, 2022, 17:00",Giresunspor,Gazişehir Gaziantep,2.2,3.35,3.1
"Dec 28, 2022, 20:00",Fatih Karagümrük,Trabzonspor,3.3,3.5,2
"Dec 28, 2022, 17:00",Alanyaspor,Kayserispor,2.05,3.6,3.2
"Dec 28, 2022, 17:00",İstanbulspor,Kasımpaşa,2.63,3.6,2.4
"Dec 27, 2022, 20:00",Fenerbahçe,Hatayspor,1.33,5,8
"Dec 27, 2022, 17:00",Ankaragücü,Ümraniyespor,1.91,3.5,3.8
"Dec 27, 2022, 17:00",İstanbul Başakşehir,Antalyaspor,1.75,3.5,4.33
"Dec 25, 2022, 19:00",Galatasaray,İstanbulspor,1.39,4.6,7
"Dec 25, 2022, 16:00",Gazişehir Gaziantep,Beşiktaş,3.36,3.74,2.04
"Dec 25, 2022, 16:00",Konyaspor,Alanyaspor,1.81,3.8,4.22
"Dec 25, 2022, 13:30",Adana Demirspor,Fatih Karagümrük,1.74,3.94,4.48
"Dec 24, 2022, 19:00",Trabzonspor,Fenerbahçe,2.55,3.25,2.7
"Dec 24, 2022, 16:00",Kasımpaşa,Sivasspor,2.21,3.46,3.12
"Dec 24, 2022, 13:30",Hatayspor,Giresunspor,2.13,3.56,3.22
"Dec 23, 2022, 20:00",Antalyaspor,Ankaragücü,1.91,3.6,3.7
"Dec 23, 2022, 20:00",Ümraniyespor,İstanbul Başakşehir,4.2,3.7,1.75
"Nov 13, 2022, 17:00",İstanbulspor,Hatayspor,2.45,3.25,2.75
"Nov 13, 2022, 17:00",Kayserispor,Konyaspor,2.6,3.25,2.6
"Nov 13, 2022, 14:30",Fatih Karagümrük,Gazişehir Gaziantep,2.1,3.3,3.25
"Nov 12, 2022, 20:00",İstanbul Başakşehir,Galatasaray,2.8,3.4,2.5
"Nov 12, 2022, 17:00",Fenerbahçe,Giresunspor,1.35,5.2,8.2
"Nov 12, 2022, 14:30",Sivasspor,Ümraniyespor,1.88,3.74,3.94
"Nov 11, 2022, 20:00",Alanyaspor,Adana Demirspor,2.46,3.9,2.38
"Nov 11, 2022, 20:00",Ankaragücü,Trabzonspor,3.1,3.6,2.09
"Nov 7, 2022, 20:00",Fenerbahçe,Sivasspor,1.36,5,7.5
"Nov 7, 2022, 20:00",Hatayspor,İstanbul Başakşehir,4.2,3.4,1.9
"Nov 6, 2022, 20:00",Trabzonspor,Konyaspor,1.92,3.5,3.65
"Nov 6, 2022, 17:00",Antalyaspor,Fatih Karagümrük,2.15,3.51,3.17
"Nov 6, 2022, 14:30",Gazişehir Gaziantep,Kayserispor,2.07,3.54,3.34
"Nov 5, 2022, 20:00",Galatasaray,Beşiktaş,2.46,3.66,2.69
"Nov 5, 2022, 14:30",Giresunspor,İstanbulspor,1.99,3.35,3.25
"Nov 4, 2022, 20:00",Ümraniyespor,Alanyaspor,2.95,3.5,2.15
"Nov 4, 2022, 20:00",Kasımpaşa,Ankaragücü,2.1,3.25,3.25
"Oct 31, 2022, 20:00",Sivasspor,Antalyaspor,2.25,3.3,3.1
"Oct 31, 2022, 20:00",İstanbul Başakşehir,Giresunspor,1.53,3.95,6.25
"Oct 30, 2022, 20:00",İstanbulspor,Fenerbahçe,5.3,4.4,1.48
"Oct 30, 2022, 17:00",Beşiktaş,Ümraniyespor,1.35,5.1,7
"Oct 30, 2022, 17:00",Kayserispor,Adana Demirspor,2.7,3.25,2.5
"Oct 30, 2022, 14:30",Ankaragücü,Hatayspor,1.98,3.6,3.4
"Oct 29, 2022, 20:00",Alanyaspor,Gazişehir Gaziantep,2.07,3.55,3.27
"Oct 29, 2022, 14:30",Konyaspor,Kasımpaşa,1.7,3.75,4.6
"Oct 28, 2022, 20:00",Fatih Karagümrük,Galatasaray,3.9,3.5,1.78
"Oct 24, 2022, 20:00",Giresunspor,Ankaragücü,2.12,3.6,3.15
"Oct 24, 2022, 20:00",Hatayspor,Beşiktaş,4.6,3.7,1.72
"Oct 23, 2022, 20:00",Galatasaray,Alanyaspor,1.55,4.1,5
"Oct 23, 2022, 17:00",Adana Demirspor,Konyaspor,2.18,3.15,3.35
"Oct 23, 2022, 14:30",Kasımpaşa,Kayserispor,1.98,3.5,3.5
"Oct 22, 2022, 20:00",Fenerbahçe,İstanbul Başakşehir,1.98,3.8,3.68
"Oct 22, 2022, 17:00",Trabzonspor,Sivasspor,1.81,4.08,4.38
"Oct 22, 2022, 14:30",Ümraniyespor,Fatih Karagümrük,2.48,3.64,2.86
"Oct 21, 2022, 20:00",Antalyaspor,İstanbulspor,1.72,3.85,4.57
"Oct 17, 2022, 20:00",Sivasspor,Giresunspor,2.25,3.3,3
"Oct 17, 2022, 20:00",Ankaragücü,Fenerbahçe,4.9,3.8,1.63
"Oct 16, 2022, 20:00",Beşiktaş,Trabzonspor,2,3.5,3.6
"Oct 16, 2022, 17:00",İstanbul Başakşehir,İstanbulspor,1.52,4,5.8
"Oct 15, 2022, 20:00",Konyaspor,Gazişehir Gaziantep,1.7,4.07,4.66
"Oct 15, 2022, 20:00",Kayserispor,Galatasaray,3.19,3.33,1.94
"Oct 15, 2022, 17:00",Kasımpaşa,Adana Demirspor,2.77,3.65,2.36
"Oct 15, 2022, 14:30",Fatih Karagümrük,Hatayspor,2.07,3.55,3.4
"Oct 14, 2022, 20:00",Alanyaspor,Antalyaspor,2.28,3.7,2.85
"Oct 10, 2022, 20:00",Trabzonspor,Kasımpaşa,1.6,4.1,5.1
"Oct 10, 2022, 20:00",İstanbul Başakşehir,Sivasspor,1.61,4.09,5.04
"Oct 9, 2022, 20:00",Fenerbahçe,Fatih Karagümrük,1.62,4.2,4.5
"Oct 9, 2022, 17:00",Hatayspor,Alanyaspor,2.71,3.62,2.63
"Oct 9, 2022, 14:30",Ümraniyespor,Kayserispor,2.69,3.54,2.69
"Oct 8, 2022, 20:00",Giresunspor,Beşiktaş,3.75,3.65,1.76
"Oct 8, 2022, 17:00",Antalyaspor,Konyaspor,2.47,3.35,2.8
"Oct 8, 2022, 14:30",İstanbulspor,Ankaragücü,2.49,3.4,2.75
"Oct 7, 2022, 20:00",Gazişehir Gaziantep,Adana Demirspor,2.88,3.5,2.3
"Oct 3, 2022, 20:00",Fatih Karagümrük,İstanbulspor,1.84,3.65,3.9
"Oct 2, 2022, 20:00",Beşiktaş,Fenerbahçe,2.43,3.4,2.7
"Oct 2, 2022, 17:00",Konyaspor,Ümraniyespor,1.57,3.9,5.5
"Oct 2, 2022, 14:30",Alanyaspor,Giresunspor,1.94,3.65,3.5
"Oct 2, 2022, 14:30",Sivasspor,Hatayspor,2.18,3.4,3.1
"Oct 1, 2022, 20:00",Adana Demirspor,Galatasaray,2.44,3.8,2.82
"Oct 1, 2022, 17:00",Ankaragücü,İstanbul Başakşehir,4,3.5,1.85
"Oct 1, 2022, 17:00",Kayserispor,Trabzonspor,3,3.5,2.15
"Oct 1, 2022, 14:30",Kasımpaşa,Gazişehir Gaziantep,2.38,3.5,2.75
"Sep 18, 2022, 20:00",Ankaragücü,Sivasspor,2.32,3.25,2.95
"Sep 18, 2022, 20:00",Fenerbahçe,Alanyaspor,1.45,4.75,5.75
"Sep 18, 2022, 17:00",Trabzonspor,Gazişehir Gaziantep,1.88,3.66,3.86
"Sep 18, 2022, 17:00",İstanbul Başakşehir,Fatih Karagümrük,1.64,4.06,4.82
"Sep 17, 2022, 20:00",Antalyaspor,Adana Demirspor,2.13,3.7,2.95
"Sep 17, 2022, 20:00",İstanbulspor,Beşiktaş,5.15,4.38,1.66
"Sep 17, 2022, 17:00",Ümraniyespor,Kasımpaşa,2.48,3.5,2.54
"Sep 16, 2022, 20:00",Galatasaray,Konyaspor,2.05,3.5,3.3
"Sep 16, 2022, 20:00",Hatayspor,Kayserispor,2.3,3.5,2.85
"Sep 12, 2022, 21:30",Adana Demirspor,Trabzonspor,2.35,3.55,2.92
"Sep 12, 2022, 19:00",Beşiktaş,İstanbul Başakşehir,1.88,3.55,4.23
"Sep 11, 2022, 20:00",Gazişehir Gaziantep,Ümraniyespor,1.8,3.8,3.9
"Sep 11, 2022, 20:00",Kasımpaşa,Galatasaray,3.8,3.9,1.81
"Sep 11, 2022, 20:00",Kayserispor,Antalyaspor,2.43,3.6,2.6
"Sep 11, 2022, 17:00",Sivasspor,İstanbulspor,1.94,3.82,4.02
"Sep 10, 2022, 20:00",Fatih Karagümrük,Giresunspor,1.96,3.55,3.45
"Sep 10, 2022, 17:00",Konyaspor,Hatayspor,1.78,3.8,3.95
"Sep 9, 2022, 20:00",Alanyaspor,Ankaragücü,1.61,3.81,4.39
"Sep 5, 2022, 21:00",Galatasaray,Gazişehir Gaziantep,1.65,3.7,5.5
"Sep 4, 2022, 21:45",Antalyaspor,Kasımpaşa,1.8,3.4,3.8
"Sep 4, 2022, 21:45",Ankaragücü,Beşiktaş,3.75,3.5,1.8
"Sep 4, 2022, 19:15",Hatayspor,Adana Demirspor,2.6,3.2,2.37
"Sep 3, 2022, 21:45",Fenerbahçe,Kayserispor,1.52,4.4,5.45
"Sep 3, 2022, 21:45",Giresunspor,Konyaspor,2.68,3.33,2.52
"Sep 3, 2022, 19:15",Sivasspor,Fatih Karagümrük,2.14,3.5,3.1
"Sep 3, 2022, 19:15",İstanbul Başakşehir,Alanyaspor,2.03,3.45,3.35
"Sep 2, 2022, 21:00",Ümraniyespor,Trabzonspor,4.6,3.9,1.67
"Aug 29, 2022, 21:45",Beşiktaş,Sivasspor,1.7,4,4.75
"Aug 29, 2022, 19:15",Konyaspor,Fenerbahçe,2.7,3.5,2.55
"Aug 28, 2022, 21:45",Trabzonspor,Galatasaray,2.15,3.3,3.05
"Aug 28, 2022, 19:15",Kasımpaşa,Hatayspor,1.95,3.5,3.3
"Aug 28, 2022, 19:15",Kayserispor,Giresunspor,2.1,3.25,3.15
"Aug 27, 2022, 21:45",Alanyaspor,İstanbulspor,1.5,4.6,6
"Aug 27, 2022, 21:45",Adana Demirspor,Ümraniyespor,1.55,4.3,5.5
"Aug 27, 2022, 19:15",Fatih Karagümrük,Ankaragücü,1.85,3.65,4.1
"Aug 26, 2022, 21:00",Gazişehir Gaziantep,Antalyaspor,2.75,3.25,2.43
"Aug 22, 2022, 21:45",Fenerbahçe,Adana Demirspor,1.71,4.39,4.36
"Aug 22, 2022, 19:15",Sivasspor,Alanyaspor,2.39,3.56,3.05
"Aug 22, 2022, 19:15",İstanbulspor,Konyaspor,3.63,3.45,2.16
"Aug 21, 2022, 21:45",Beşiktaş,Fatih Karagümrük,1.59,3.75,4.6
"Aug 21, 2022, 19:15",İstanbul Başakşehir,Kayserispor,1.72,3.45,4.1
"Aug 20, 2022, 21:45",Antalyaspor,Trabzonspor,2.6,3.1,2.7
"Aug 20, 2022, 19:15",Giresunspor,Kasımpaşa,2.23,3.45,2.95
"Aug 20, 2022, 19:15",Hatayspor,Gazişehir Gaziantep,2.14,3.6,3.05
"Aug 19, 2022, 21:00",Ümraniyespor,Galatasaray,3.45,3.45,2.01
"Aug 15, 2022, 21:45",Kasımpaşa,Fenerbahçe,2.9,3.4,2.1
"Aug 15, 2022, 19:15",Konyaspor,İstanbul Başakşehir,2.6,3.1,2.4
"Aug 14, 2022, 21:45",Alanyaspor,Beşiktaş,2.8,3.4,2.19
"Aug 14, 2022, 19:15",Ümraniyespor,Antalyaspor,3.05,3.35,2.07
"Aug 14, 2022, 19:15",Gazişehir Gaziantep,Ankaragücü,2.01,3.35,3.2
"Aug 13, 2022, 21:45",Galatasaray,Giresunspor,1.6,3.85,5
"Aug 13, 2022, 21:45",Adana Demirspor,Sivasspor,1.92,3.55,3.65
"Aug 13, 2022, 19:15",Kayserispor,İstanbulspor,2.01,3.45,3.45
"Aug 12, 2022, 21:00",Trabzonspor,Hatayspor,1.61,3.56,4.39
"Aug 8, 2022, 21:45",Ankaragücü,Konyaspor,2.8,3.45,2.33
"Aug 8, 2022, 21:45",Fenerbahçe,Ümraniyespor,1.33,5.46,8.65
"Aug 8, 2022, 19:15",İstanbul Başakşehir,Kasımpaşa,1.79,3.89,4.25
"Aug 7, 2022, 21:45",Antalyaspor,Galatasaray,2.38,3.5,2.9
"Aug 7, 2022, 19:15",Fatih Karagümrük,Alanyaspor,2.63,3.5,2.6
"Aug 7, 2022, 19:15",Giresunspor,Adana Demirspor,3.2,3.5,2.2
"Aug 6, 2022, 21:45",Beşiktaş,Kayserispor,1.52,4.3,5.9
"Aug 6, 2022, 19:15",Sivasspor,Gazişehir Gaziantep,2.02,3.5,3.58
"Aug 5, 2022, 21:00",İstanbulspor,Trabzonspor,4.47,3.87,1.71
,,,,,
Tarih,Ev Sahibi Takım,Deplasman Takımı,Ev Galibiyeti Oranı,Beraberlik Oranı,Deplasman Galibiyeti Oranı
"May 22, 2022, 19:00",Hatayspor,Giresunspor,2.05,3.3,3.1
"May 22, 2022, 19:00",Adana Demirspor,Göztepe,1.36,4.5,6.5
"May 22, 2022, 16:00",İstanbul Başakşehir,Trabzonspor,1.75,3.8,4.1
"May 22, 2022, 16:00",Fatih Karagümrük,Alanyaspor,2.87,3.7,2.17
"May 21, 2022, 19:00",Beşiktaş,Konyaspor,1.9,3.85,3.8
"May 21, 2022, 19:00",Yeni Malatyaspor,Fenerbahçe,10,6.4,1.25
"May 21, 2022, 16:00",Altay,Kasımpaşa,2.85,3.9,2.28
"May 21, 2022, 16:00",Sivasspor,Kayserispor,1.76,3.85,4.5
"May 20, 2022, 20:00",Antalyaspor,Galatasaray,2.19,3.7,2.9
"May 20, 2022, 20:00",Gazişehir Gaziantep,Rizespor,1.87,3.8,3.6
"May 16, 2022, 20:00",Rizespor,Sivasspor,2.75,3.5,2.5
"May 16, 2022, 20:00",Galatasaray,Adana Demirspor,1.95,3.8,3.65
"May 15, 2022, 19:00",Alanyaspor,Gazişehir Gaziantep,1.55,4.4,5.33
"May 15, 2022, 19:00",Fenerbahçe,Fatih Karagümrük,1.46,4.75,6.08
"May 15, 2022, 19:00",Kasımpaşa,Antalyaspor,2,3.9,3.29
"May 15, 2022, 19:00",Giresunspor,İstanbul Başakşehir,3.9,3.5,1.93
"May 15, 2022, 19:00",Konyaspor,Hatayspor,1.65,4.25,4.57
"May 15, 2022, 16:00",Göztepe,Beşiktaş,4.98,4.5,1.57
"May 15, 2022, 16:00",Trabzonspor,Altay,1.39,5,7.11
"May 14, 2022, 19:00",Kayserispor,Yeni Malatyaspor,1.46,4.5,6
"May 9, 2022, 20:00",Antalyaspor,Konyaspor,2.8,3.26,2.25
"May 8, 2022, 19:00",Beşiktaş,Fenerbahçe,2.93,3.66,2.43
"May 8, 2022, 16:00",Altay,Giresunspor,2.02,3.62,3.92
"May 8, 2022, 16:00",Yeni Malatyaspor,Rizespor,2.76,3.56,2.61
"May 7, 2022, 19:00",İstanbul Başakşehir,Galatasaray,1.95,3.4,3.85
"May 7, 2022, 19:00",Adana Demirspor,Alanyaspor,1.82,3.8,3.9
"May 7, 2022, 16:00",Sivasspor,Kasımpaşa,2.32,3.25,3
"May 7, 2022, 16:00",Fatih Karagümrük,Göztepe,1.73,3.85,4.4
"May 6, 2022, 20:00",Hatayspor,Trabzonspor,3.11,3.3,2.08
"May 6, 2022, 20:00",Gazişehir Gaziantep,Kayserispor,1.78,3.54,3.78
"May 1, 2022, 20:30",Galatasaray,Sivasspor,1.96,3.4,3.75
"May 1, 2022, 20:30",Göztepe,Rizespor,2.12,3.4,3.3
"May 1, 2022, 16:00",Kayserispor,Beşiktaş,3.15,3.7,2.03
"May 1, 2022, 16:00",Alanyaspor,Yeni Malatyaspor,1.3,5.3,8.1
"Apr 30, 2022, 20:30",Trabzonspor,Antalyaspor,1.68,3.46,4.08
"Apr 30, 2022, 20:30",Hatayspor,Altay,1.74,3.47,3.76
"Apr 30, 2022, 16:00",Konyaspor,Fatih Karagümrük,1.81,4,4.44
"Apr 30, 2022, 16:00",Kasımpaşa,İstanbul Başakşehir,3.04,3.62,2.38
"Apr 29, 2022, 20:30",Fenerbahçe,Gazişehir Gaziantep,1.43,4.6,6.4
"Apr 29, 2022, 20:30",Giresunspor,Adana Demirspor,3.2,3.45,2.15
"Apr 25, 2022, 20:30",Beşiktaş,Kasımpaşa,1.72,3.61,3.7
"Apr 25, 2022, 20:30",Sivasspor,Alanyaspor,2.5,3.22,2.38
"Apr 24, 2022, 20:30",Altay,Galatasaray,4.18,3.78,1.83
"Apr 24, 2022, 20:30",Antalyaspor,Kayserispor,1.82,3.7,4.4
"Apr 24, 2022, 16:00",Yeni Malatyaspor,Konyaspor,5.45,4.24,1.65
"Apr 24, 2022, 16:00",İstanbul Başakşehir,Hatayspor,1.74,4.04,4.9
"Apr 23, 2022, 20:30",Adana Demirspor,Trabzonspor,2.25,3.25,2.75
"Apr 23, 2022, 16:00",Fatih Karagümrük,Giresunspor,2.28,3.4,2.95
"Apr 23, 2022, 16:00",Gazişehir Gaziantep,Göztepe,1.83,3.7,3.85
"Apr 22, 2022, 20:30",Rizespor,Fenerbahçe,4.5,3.8,1.7
"Apr 18, 2022, 20:30",Galatasaray,Yeni Malatyaspor,1.57,4,5.4
"Apr 17, 2022, 20:30",Giresunspor,Beşiktaş,3.05,3.35,2.23
"Apr 17, 2022, 16:00",Kasımpaşa,Adana Demirspor,2.4,3.3,2.8
"Apr 17, 2022, 13:30",Konyaspor,Gazişehir Gaziantep,1.79,3.94,4.35
"Apr 16, 2022, 20:30",Fenerbahçe,Göztepe,1.52,3.79,4.76
"Apr 16, 2022, 16:00",Alanyaspor,Antalyaspor,1.98,3.2,3.19
"Apr 16, 2022, 16:00",Altay,İstanbul Başakşehir,3.2,3.19,1.98
"Apr 16, 2022, 13:30",Hatayspor,Sivasspor,2.32,3.31,3.27
"Apr 15, 2022, 20:30",Trabzonspor,Fatih Karagümrük,1.57,4.2,5.5
"Apr 15, 2022, 20:30",Kayserispor,Rizespor,2.05,3.45,3.5
"Apr 11, 2022, 20:30",Antalyaspor,Hatayspor,2.28,3.5,3.09
"Apr 10, 2022, 20:30",Fenerbahçe,Galatasaray,1.98,3.6,3.35
"Apr 10, 2022, 16:00",Sivasspor,İstanbul Başakşehir,2.8,3.25,2.55
"Apr 10, 2022, 16:00",Adana Demirspor,Altay,1.57,4.1,5.75
"Apr 10, 2022, 13:30",Yeni Malatyaspor,Giresunspor,3.75,3.4,2
"Apr 9, 2022, 20:30",Gazişehir Gaziantep,Trabzonspor,3.4,3.3,1.91
"Apr 9, 2022, 20:30",Beşiktaş,Alanyaspor,1.94,3.9,3.9
"Apr 9, 2022, 16:00",Göztepe,Kayserispor,2.17,3.72,3.36
"Apr 9, 2022, 16:00",Rizespor,Konyaspor,3.68,3.72,2.06
"Apr 9, 2022, 13:30",Fatih Karagümrük,Kasımpaşa,2.05,3.53,3.35
"Apr 4, 2022, 20:30",İstanbul Başakşehir,Yeni Malatyaspor,1.41,4.2,6
"Apr 4, 2022, 20:30",Hatayspor,Adana Demirspor,2.39,3.2,2.65
"Apr 3, 2022, 20:30",Trabzonspor,Beşiktaş,2.1,3.25,3
"Apr 3, 2022, 16:00",Konyaspor,Göztepe,1.84,3.5,4.1
"Apr 3, 2022, 16:00",Alanyaspor,Rizespor,1.6,4.1,4.9
"Apr 3, 2022, 13:30",Kasımpaşa,Gazişehir Gaziantep,2.08,3.35,3.35
"Apr 2, 2022, 20:30",Galatasaray,Fatih Karagümrük,1.65,4.1,5
"Apr 2, 2022, 16:00",Altay,Antalyaspor,2.75,3.2,2.6
"Apr 2, 2022, 16:00",Kayserispor,Fenerbahçe,3.4,3.5,2.05
"Apr 2, 2022, 13:30",Giresunspor,Sivasspor,2.4,3.1,3
"Mar 20, 2022, 19:00",Fenerbahçe,Konyaspor,2.18,3.4,3.5
"Mar 20, 2022, 16:00",Gazişehir Gaziantep,Galatasaray,2.89,3.43,2.5
"Mar 20, 2022, 13:30",Antalyaspor,Giresunspor,2.28,3.22,3.46
"Mar 20, 2022, 13:30",Sivasspor,Altay,1.81,3.74,4.53
"Mar 19, 2022, 19:00",Beşiktaş,Hatayspor,1.81,3.91,4.25
"Mar 19, 2022, 16:00",Göztepe,Alanyaspor,2.94,3.78,2.3
"Mar 19, 2022, 16:00",Adana Demirspor,İstanbul Başakşehir,2.55,3.38,2.95
"Mar 19, 2022, 13:30",Yeni Malatyaspor,Kasımpaşa,3.25,3.4,1.97
"Mar 18, 2022, 20:15",Rizespor,Trabzonspor,4.9,3.75,1.57
"Mar 18, 2022, 20:00",Fatih Karagümrük,Kayserispor,2.2,3.3,2.85
"Mar 14, 2022, 20:00",Galatasaray,Beşiktaş,2.62,3.34,2.73
"Mar 14, 2022, 20:00",Giresunspor,Gazişehir Gaziantep,2.45,3.4,2.89
"Mar 14, 2022, 16:00",İstanbul Başakşehir,Antalyaspor,1.7,3.4,4.4
"Mar 13, 2022, 19:00",Alanyaspor,Fenerbahçe,2.5,3.45,2.55
"Mar 13, 2022, 16:00",Adana Demirspor,Sivasspor,1.85,3.4,3.75
"Mar 13, 2022, 13:30",Kayserispor,Konyaspor,2.6,3.1,2.55
"Mar 12, 2022, 19:00",Trabzonspor,Göztepe,1.59,3.95,5
"Mar 12, 2022, 16:00",Altay,Yeni Malatyaspor,2.06,3.35,3.35
"Mar 12, 2022, 16:00",Kasımpaşa,Rizespor,1.79,3.65,4.05
"Mar 12, 2022, 13:30",Hatayspor,Fatih Karagümrük,2.07,3.5,3.2
"Mar 7, 2022, 20:00",Kayserispor,Alanyaspor,2.4,3.2,2.55
"Mar 7, 2022, 20:00",Beşiktaş,İstanbul Başakşehir,2.15,3.1,3
"Mar 7, 2022, 20:00",Gazişehir Gaziantep,Hatayspor,2.3,3.2,2.75
"Mar 6, 2022, 19:00",Fenerbahçe,Trabzonspor,2.3,3.35,3.06
"Mar 6, 2022, 19:00",Antalyaspor,Sivasspor,2.5,3.25,2.84
"Mar 6, 2022, 16:00",Fatih Karagümrük,Altay,2,3.55,3.7
"Mar 5, 2022, 19:00",Konyaspor,Galatasaray,2.55,3.3,2.8
"Mar 5, 2022, 16:00",Rizespor,Giresunspor,2.84,3.34,2.51
"Mar 5, 2022, 16:00",Göztepe,Kasımpaşa,2.32,3.57,2.95
"Mar 4, 2022, 20:00",Yeni Malatyaspor,Adana Demirspor,3.79,3.6,1.93
"Feb 28, 2022, 20:00",Kasımpaşa,Fenerbahçe,2.55,3.5,2.63
"Feb 27, 2022, 19:00",Galatasaray,Rizespor,1.44,4.6,5.9
"Feb 27, 2022, 16:00",Hatayspor,Yeni Malatyaspor,1.6,3.54,5.03
"Feb 27, 2022, 16:00",Alanyaspor,Konyaspor,2.48,2.92,2.74
"Feb 27, 2022, 13:30",Altay,Gazişehir Gaziantep,2.73,2.97,2.49
"Feb 27, 2022, 13:30",Giresunspor,Göztepe,2.42,2.97,2.8
"Feb 26, 2022, 19:00",Sivasspor,Beşiktaş,2.42,3.45,2.66
"Feb 26, 2022, 16:00",İstanbul Başakşehir,Fatih Karagümrük,1.69,3.98,4.85
"Feb 25, 2022, 20:00",Adana Demirspor,Antalyaspor,1.8,3.4,4.2
"Feb 25, 2022, 20:00",Trabzonspor,Kayserispor,1.53,4,6
"Feb 23, 2022, 20:00",Gazişehir Gaziantep,Yeni Malatyaspor,1.78,3.78,4.78
"Feb 22, 2022, 20:00",İstanbul Başakşehir,Konyaspor,2,3.39,3.7
"Feb 21, 2022, 20:00",Göztepe,Galatasaray,2.83,3.37,2.38
"Feb 20, 2022, 19:00",Fenerbahçe,Hatayspor,1.77,3.5,4.4
"Feb 20, 2022, 16:00",Alanyaspor,Trabzonspor,2.9,3.35,2.4
"Feb 20, 2022, 16:00",Fatih Karagümrük,Sivasspor,2.55,3.3,2.75
"Feb 20, 2022, 13:30",Gazişehir Gaziantep,Adana Demirspor,2.6,3.4,2.65
"Feb 19, 2022, 19:00",Beşiktaş,Altay,1.46,4.4,6.1
"Feb 19, 2022, 16:00",Kayserispor,Giresunspor,2.24,3.22,3.55
"Feb 19, 2022, 13:30",Yeni Malatyaspor,Antalyaspor,2.81,3.4,2.57
"Feb 18, 2022, 20:00",Konyaspor,Kasımpaşa,1.76,3.65,4.3
"Feb 18, 2022, 20:00",Rizespor,İstanbul Başakşehir,3.45,3.35,2.07
"Feb 14, 2022, 20:00",Adana Demirspor,Beşiktaş,2.6,3.2,2.7
"Feb 14, 2022, 20:00",Hatayspor,Göztepe,2.3,3.2,3.1
"Feb 13, 2022, 19:00",Kasımpaşa,Alanyaspor,2.51,3.24,2.37
"Feb 13, 2022, 19:00",Trabzonspor,Konyaspor,1.86,3.22,3.54
"Feb 13, 2022, 16:00",Antalyaspor,Fatih Karagümrük,2.15,3.25,3.3
"Feb 13, 2022, 13:30",Sivasspor,Yeni Malatyaspor,1.75,3.5,4.5
"Feb 12, 2022, 19:00",Galatasaray,Kayserispor,1.84,3.65,3.8
"Feb 12, 2022, 16:00",İstanbul Başakşehir,Gazişehir Gaziantep,1.85,3.65,4.39
"Feb 12, 2022, 16:00",Giresunspor,Fenerbahçe,3.47,3.4,2.19
"Feb 11, 2022, 20:00",Altay,Rizespor,2,3.1,3.3
"Feb 6, 2022, 19:00",Beşiktaş,Antalyaspor,1.79,3.4,3.9
"Feb 6, 2022, 19:00",Göztepe,Altay,1.95,3.3,3.35
"Feb 6, 2022, 16:00",Alanyaspor,Galatasaray,2.43,3.02,2.74
"Feb 6, 2022, 16:00",Rizespor,Adana Demirspor,2.97,3.11,2.24
"Feb 5, 2022, 19:00",Fenerbahçe,İstanbul Başakşehir,2.21,3.55,3.28
"Feb 5, 2022, 16:00",Trabzonspor,Kasımpaşa,1.61,3.43,4.61
"Feb 5, 2022, 16:00",Fatih Karagümrük,Yeni Malatyaspor,1.74,3.43,3.8
"Feb 5, 2022, 13:30",Gazişehir Gaziantep,Sivasspor,2.05,3.12,3.1
"Feb 4, 2022, 20:00",Konyaspor,Giresunspor,2.08,3.52,3.82
"Feb 4, 2022, 20:00",Kayserispor,Hatayspor,2.61,3.6,2.74
"Jan 23, 2022, 19:00",Galatasaray,Trabzonspor,2.42,3.3,2.76
"Jan 23, 2022, 16:00",Antalyaspor,Gazişehir Gaziantep,2.39,3.06,2.76
"Jan 23, 2022, 16:00",Giresunspor,Alanyaspor,2.52,3.02,2.65
"Jan 23, 2022, 16:00",Altay,Konyaspor,3.59,3.21,1.94
"Jan 23, 2022, 13:30",Kasımpaşa,Kayserispor,2.11,3.11,3.16
"Jan 23, 2022, 13:30",Hatayspor,Rizespor,1.8,3.3,4.07
"Jan 22, 2022, 19:00",İstanbul Başakşehir,Göztepe,1.93,3.3,4
"Jan 22, 2022, 16:00",Adana Demirspor,Fatih Karagümrük,1.88,3.16,3.83
"Jan 22, 2022, 16:00",Sivasspor,Fenerbahçe,2.58,2.97,2.58
"Jan 22, 2022, 13:30",Yeni Malatyaspor,Beşiktaş,4.17,3.3,1.78
"Jan 20, 2022, 20:00",Galatasaray,Kasımpaşa,1.75,3.7,4.25
"Jan 20, 2022, 17:00",Rizespor,Antalyaspor,2.43,3.42,2.73
"Jan 20, 2022, 17:00",Alanyaspor,Hatayspor,2.33,3.65,2.65
"Jan 19, 2022, 20:00",Trabzonspor,Giresunspor,1.53,4.17,5.75
"Jan 19, 2022, 20:00",Fenerbahçe,Altay,1.38,4.83,7.1
"Jan 19, 2022, 18:00",Kayserispor,İstanbul Başakşehir,3.18,3.48,2.13
"Jan 19, 2022, 17:00",Göztepe,Sivasspor,3.02,3.32,2.28
"Jan 18, 2022, 20:00",Fatih Karagümrük,Beşiktaş,3.1,3.4,2.18
"Jan 18, 2022, 20:00",Konyaspor,Adana Demirspor,2,3.35,3.3
"Jan 16, 2022, 19:00",Hatayspor,Galatasaray,2.91,3.11,2.26
"Jan 16, 2022, 16:00",Giresunspor,Kasımpaşa,1.85,3.3,4.5
"Jan 16, 2022, 13:30",Altay,Alanyaspor,2.3,3.25,3.1
"Jan 15, 2022, 19:00",Antalyaspor,Fenerbahçe,3.1,3.2,2.05
"Jan 15, 2022, 16:00",Sivasspor,Trabzonspor,2.9,3.15,2.3
"Jan 15, 2022, 16:00",Fatih Karagümrük,Rizespor,1.83,3.4,3.9
"Jan 15, 2022, 13:30",Adana Demirspor,Kayserispor,1.74,3.6,4.15
"Jan 14, 2022, 20:00",Beşiktaş,Gazişehir Gaziantep,1.45,4.2,5.4
"Jan 14, 2022, 20:00",Yeni Malatyaspor,Göztepe,2.28,3.15,2.85
"Jan 10, 2022, 20:00",Fenerbahçe,Adana Demirspor,1.78,3.45,3.9
"Jan 9, 2022, 19:00",Rizespor,Beşiktaş,3.44,3.66,2.16
"Jan 9, 2022, 16:00",Göztepe,Antalyaspor,2.13,3.5,3.28
"Jan 9, 2022, 16:00",Kayserispor,Altay,2.1,3.55,3.31
"Jan 9, 2022, 13:30",Konyaspor,Sivasspor,2.4,3.1,2.88
"Jan 8, 2022, 19:00",Galatasaray,Giresunspor,1.62,4,5.19
"Jan 8, 2022, 16:00",Alanyaspor,İstanbul Başakşehir,2.6,3.1,2.46
"Jan 8, 2022, 16:00",Kasımpaşa,Hatayspor,2.34,3.1,2.8
"Jan 8, 2022, 13:30",Gazişehir Gaziantep,Fatih Karagümrük,2.19,3.2,2.95
"Jan 7, 2022, 20:00",Trabzonspor,Yeni Malatyaspor,1.43,4.4,7
"Dec 27, 2021, 20:00",Kayserispor,Sivasspor,3,3.3,2.3
"Dec 27, 2021, 20:00",Konyaspor,Beşiktaş,2.8,3.25,2.45
"Dec 26, 2021, 19:00",Fenerbahçe,Yeni Malatyaspor,1.33,4.4,7.5
"Dec 26, 2021, 16:00",Alanyaspor,Fatih Karagümrük,2.28,3.7,3.15
"Dec 26, 2021, 16:00",Göztepe,Adana Demirspor,2.49,3.52,2.94
"Dec 26, 2021, 13:30",Rizespor,Gazişehir Gaziantep,2.7,3.1,2.45
"Dec 25, 2021, 19:00",Trabzonspor,İstanbul Başakşehir,2.05,3.1,3.4
"Dec 25, 2021, 16:00",Giresunspor,Hatayspor,2.24,3.05,2.81
"Dec 25, 2021, 16:00",Galatasaray,Antalyaspor,1.5,3.82,4.98
"Dec 25, 2021, 13:30",Kasımpaşa,Altay,2.19,3.21,2.76
"Dec 23, 2021, 20:00",Beşiktaş,Göztepe,1.71,3.9,4.33
"Dec 23, 2021, 17:00",Yeni Malatyaspor,Kayserispor,2.45,3.3,2.8
"Dec 22, 2021, 20:00",Gazişehir Gaziantep,Alanyaspor,2.4,3.4,2.79
"Dec 22, 2021, 20:00",Fatih Karagümrük,Fenerbahçe,3.3,3.42,2.11
"Dec 22, 2021, 17:00",Sivasspor,Rizespor,1.61,3.98,5
"Dec 22, 2021, 17:00",Hatayspor,Konyaspor,2.4,3.27,2.88
"Dec 21, 2021, 20:00",Adana Demirspor,Galatasaray,2.95,3.35,2.28
"Dec 21, 2021, 20:00",Altay,Trabzonspor,3.65,3.6,1.9
"Dec 21, 2021, 17:00",Antalyaspor,Kasımpaşa,2.04,3.4,3.4
"Dec 21, 2021, 17:00",İstanbul Başakşehir,Giresunspor,1.7,3.7,4.6
"Dec 19, 2021, 19:00",Fenerbahçe,Beşiktaş,2.16,3.6,3.34
"Dec 19, 2021, 16:00",Kayserispor,Gazişehir Gaziantep,2.3,3.1,2.7
"Dec 19, 2021, 16:00",Göztepe,Fatih Karagümrük,2.62,3.1,2.45
"Dec 19, 2021, 13:30",Rizespor,Yeni Malatyaspor,2.1,3,3.2
"Dec 18, 2021, 19:00",Galatasaray,İstanbul Başakşehir,2.05,3.3,3.15
"Dec 18, 2021, 19:00",Alanyaspor,Adana Demirspor,2.07,3.4,3
"Dec 18, 2021, 16:00",Trabzonspor,Hatayspor,1.8,3.85,4.1
"Dec 18, 2021, 16:00",Konyaspor,Antalyaspor,2.05,3.5,3.5
"Dec 18, 2021, 13:30",Kasımpaşa,Sivasspor,2.85,3.3,2.45
"Dec 17, 2021, 20:00",Giresunspor,Altay,1.93,3.6,3.6
"Dec 13, 2021, 20:30",Gazişehir Gaziantep,Fenerbahçe,3.3,3.5,2.15
"Dec 13, 2021, 18:00",Sivasspor,Galatasaray,2.88,3.25,2.5
"Dec 12, 2021, 19:00",Beşiktaş,Kayserispor,1.36,4.8,7.4
"Dec 12, 2021, 16:00",Yeni Malatyaspor,Alanyaspor,3.48,3.57,1.99
"Dec 12, 2021, 13:30",Adana Demirspor,Giresunspor,1.96,3.42,3.75
"Dec 11, 2021, 19:00",Antalyaspor,Trabzonspor,4.63,3.78,1.71
"Dec 11, 2021, 16:00",İstanbul Başakşehir,Kasımpaşa,1.64,3.85,5
"Dec 11, 2021, 16:00",Rizespor,Göztepe,2.43,3.3,2.8
"Dec 11, 2021, 13:30",Fatih Karagümrük,Konyaspor,2.58,3.38,2.73
"Dec 10, 2021, 20:00",Altay,Hatayspor,3.04,3.58,2.4
"Dec 6, 2021, 20:00",Konyaspor,Yeni Malatyaspor,1.65,4,4.6
"Dec 6, 2021, 20:00",Göztepe,Gazişehir Gaziantep,2.38,3.45,2.7
"Dec 5, 2021, 19:00",Fenerbahçe,Rizespor,1.4,4.2,6.5
"Dec 5, 2021, 16:00",Giresunspor,Fatih Karagümrük,2.3,3.4,3
"Dec 5, 2021, 16:00",Hatayspor,İstanbul Başakşehir,2.7,3.3,2.63
"Dec 5, 2021, 13:30",Kayserispor,Antalyaspor,2.45,3.3,2.9
"Dec 4, 2021, 19:00",Galatasaray,Altay,1.4,4.33,6.25
"Dec 4, 2021, 16:00",Trabzonspor,Adana Demirspor,1.68,3.75,4.2
"Dec 4, 2021, 13:30",Alanyaspor,Sivasspor,2.14,3.3,3.05
"Dec 3, 2021, 20:00",Kasımpaşa,Beşiktaş,4.4,3.77,1.75
"Nov 29, 2021, 20:00",Göztepe,Fenerbahçe,3.69,3.35,1.86
"Nov 28, 2021, 19:00",Yeni Malatyaspor,Galatasaray,4.53,3.62,1.76
"Nov 28, 2021, 16:00",Fatih Karagümrük,Trabzonspor,3.2,3.5,2.08
"Nov 28, 2021, 16:00",Sivasspor,Hatayspor,2.38,3.3,2.81
"Nov 28, 2021, 13:30",Gazişehir Gaziantep,Konyaspor,2.8,3.25,2.4
"Nov 27, 2021, 19:00",Beşiktaş,Giresunspor,1.45,4.24,7.07
"Nov 27, 2021, 16:00",Rizespor,Kayserispor,2.32,3.16,2.79
"Nov 27, 2021, 13:30",Antalyaspor,Alanyaspor,2.82,3.06,2.33
"Nov 26, 2021, 20:00",Adana Demirspor,Kasımpaşa,1.95,3.3,3.3
"Nov 26, 2021, 20:00",İstanbul Başakşehir,Altay,1.73,3.3,4.2
"Nov 22, 2021, 20:00",Trabzonspor,Gazişehir Gaziantep,1.48,3.65,5.5
"Nov 22, 2021, 20:00",Kayserispor,Göztepe,2.35,3,2.55
"Nov 21, 2021, 19:00",Galatasaray,Fenerbahçe,1.99,3.4,3.5
"Nov 21, 2021, 16:00",Konyaspor,Rizespor,1.54,3.67,4.77
"Nov 21, 2021, 16:00",Altay,Adana Demirspor,2.26,3.26,2.62
"Nov 21, 2021, 13:30",Kasımpaşa,Fatih Karagümrük,2.58,3.22,2.31
"Nov 20, 2021, 19:00",Alanyaspor,Beşiktaş,2.67,3.5,2.37
"Nov 20, 2021, 16:00",Giresunspor,Yeni Malatyaspor,1.84,3.4,4.3
"Nov 20, 2021, 16:00",İstanbul Başakşehir,Sivasspor,1.99,3.3,3.7
"Nov 20, 2021, 13:30",Hatayspor,Antalyaspor,1.84,3.7,3.9
"Nov 7, 2021, 19:00",Fenerbahçe,Kayserispor,1.51,4.5,6
"Nov 7, 2021, 16:00",Fatih Karagümrük,Galatasaray,2.95,3.35,2.1
"Nov 7, 2021, 16:00",Adana Demirspor,Hatayspor,2.38,3.2,2.65
"Nov 7, 2021, 13:30",Göztepe,Konyaspor,2.55,3.05,2.55
"Nov 6, 2021, 19:00",Beşiktaş,Trabzonspor,2.28,3.25,2.67
"Nov 6, 2021, 16:00",Yeni Malatyaspor,İstanbul Başakşehir,2.94,3.45,2.23
"Nov 6, 2021, 16:00",Antalyaspor,Altay,2.53,3.45,2.53
"Nov 6, 2021, 13:30",Sivasspor,Giresunspor,1.89,3.5,3.75
"Nov 5, 2021, 20:00",Gazişehir Gaziantep,Kasımpaşa,2.2,3.45,3.15
"Nov 5, 2021, 20:00",Rizespor,Alanyaspor,3.65,3.55,2
"Oct 31, 2021, 20:00",Giresunspor,Antalyaspor,2.25,3.2,3.2
"Oct 31, 2021, 20:00",İstanbul Başakşehir,Adana Demirspor,2.15,3.3,3.3
"Oct 31, 2021, 19:00",Galatasaray,Gazişehir Gaziantep,1.57,3.8,6
"Oct 31, 2021, 16:00",Alanyaspor,Göztepe,1.83,3.65,4
"Oct 31, 2021, 13:30",Kayserispor,Fatih Karagümrük,2.7,3.2,2.6
"Oct 30, 2021, 19:00",Konyaspor,Fenerbahçe,3.2,3.52,2.21
"Oct 30, 2021, 16:00",Altay,Sivasspor,2.5,3.1,2.7
"Oct 30, 2021, 16:00",Hatayspor,Beşiktaş,2.89,3.05,2.45
"Oct 30, 2021, 13:30",Kasımpaşa,Yeni Malatyaspor,2,3.4,3.4
"Oct 29, 2021, 20:00",Trabzonspor,Rizespor,1.36,4.8,7.4
"Oct 25, 2021, 20:00",Beşiktaş,Galatasaray,2.48,3.7,2.92
"Oct 24, 2021, 19:00",Fenerbahçe,Alanyaspor,1.75,3.96,4.4
"Oct 24, 2021, 16:00",Antalyaspor,İstanbul Başakşehir,2.3,3,3.1
"Oct 24, 2021, 16:00",Sivasspor,Adana Demirspor,2.05,3.5,3.3
"Oct 24, 2021, 13:30",Fatih Karagümrük,Hatayspor,2.1,3.5,3.3
"Oct 23, 2021, 19:00",Göztepe,Trabzonspor,3.62,3.82,2.05
"Oct 23, 2021, 16:00",Gazişehir Gaziantep,Giresunspor,2.2,3,3.3
"Oct 23, 2021, 16:00",Konyaspor,Kayserispor,1.91,3.5,3.9
"Oct 23, 2021, 13:30",Rizespor,Kasımpaşa,2.63,3.3,2.5
"Oct 22, 2021, 20:00",Yeni Malatyaspor,Altay,3.05,3.45,2.18
"Oct 18, 2021, 20:00",Alanyaspor,Kayserispor,1.67,3.9,5
"Oct 18, 2021, 20:00",Hatayspor,Gazişehir Gaziantep,1.87,3.6,4.1
"Oct 17, 2021, 19:00",Trabzonspor,Fenerbahçe,2.44,3.54,2.81
"Oct 17, 2021, 16:00",Galatasaray,Konyaspor,1.62,4.15,5.22
"Oct 17, 2021, 16:00",Altay,Fatih Karagümrük,2.18,3.48,3.28
"Oct 17, 2021, 13:30",Kasımpaşa,Göztepe,2.22,3.7,3.03
"Oct 16, 2021, 19:00",Adana Demirspor,Yeni Malatyaspor,1.86,3.5,3.95
"Oct 16, 2021, 16:00",Sivasspor,Antalyaspor,1.8,3.65,4.34
"Oct 16, 2021, 13:30",Giresunspor,Rizespor,1.95,3.45,3.89
"Oct 15, 2021, 20:00",İstanbul Başakşehir,Beşiktaş,2.73,3.54,2.49
"Oct 3, 2021, 19:00",Rizespor,Galatasaray,4.5,4,1.65
"Oct 3, 2021, 16:00",Gazişehir Gaziantep,Altay,2.63,3.3,2.55
"Oct 3, 2021, 16:00",Fenerbahçe,Kasımpaşa,1.5,4.2,6
"Oct 3, 2021, 13:30",Yeni Malatyaspor,Hatayspor,3.05,3.55,2.14
"Oct 2, 2021, 19:00",Beşiktaş,Sivasspor,1.87,3.6,4.1
"Oct 2, 2021, 16:00",Kayserispor,Trabzonspor,3.9,3.4,2
"Oct 2, 2021, 16:00",Göztepe,Giresunspor,2,3.3,4
"Oct 2, 2021, 13:30",Konyaspor,Alanyaspor,2.3,3.3,3.13
"Oct 1, 2021, 20:00",Fatih Karagümrük,İstanbul Başakşehir,2.5,3.25,2.88
"Oct 1, 2021, 20:00",Antalyaspor,Adana Demirspor,2.5,3.3,2.88
"Sep 27, 2021, 20:00",Kasımpaşa,Konyaspor,2.5,3.3,2.75
"Sep 27, 2021, 20:00",Trabzonspor,Alanyaspor,1.56,3.9,6
"Sep 26, 2021, 19:00",Galatasaray,Göztepe,1.47,4.35,6.5
"Sep 26, 2021, 16:00",İstanbul Başakşehir,Rizespor,1.77,3.75,4.25
"Sep 26, 2021, 16:00",Hatayspor,Fenerbahçe,3.3,3.55,2.05
"Sep 26, 2021, 13:30",Giresunspor,Kayserispor,2.31,3.34,3.16
"Sep 25, 2021, 19:00",Adana Demirspor,Gazişehir Gaziantep,2.3,3.3,3.05
"Sep 25, 2021, 16:00",Antalyaspor,Yeni Malatyaspor,2.2,3.3,3.2
"Sep 25, 2021, 13:30",Sivasspor,Fatih Karagümrük,2.3,3.3,3
"Sep 24, 2021, 20:00",Altay,Beşiktaş,3.75,3.35,2
"Sep 23, 2021, 20:00",Alanyaspor,Kasımpaşa,2.1,3.3,3.45
"Sep 23, 2021, 20:00",Fenerbahçe,Giresunspor,1.43,4.55,7.25
"Sep 23, 17:00",Konyaspor,Trabzonspor,3.5,3.4,2.05
"Sep 22, 2021, 20:00",Kayserispor,Galatasaray,3.9,3.45,1.91
"Sep 22, 2021, 20:00",Göztepe,Hatayspor,2.55,3.25,2.7
"Sep 22, 2021, 17:00",Gazişehir Gaziantep,İstanbul Başakşehir,2.65,3.15,2.7
"Sep 21, 2021, 20:00",Beşiktaş,Adana Demirspor,1.4,5,6.25
"Sep 21, 2021, 20:00",Yeni Malatyaspor,Sivasspor,2.85,3.2,2.45
"Sep 21, 2021, 17:00",Fatih Karagümrük,Antalyaspor,2.06,3.5,3.2
"Sep 21, 2021, 17:00",Rizespor,Altay,2.7,3.3,2.5
"Sep 19, 2021, 19:00",İstanbul Başakşehir,Fenerbahçe,3.35,3.4,2.1
"Sep 19, 2021, 19:00",Hatayspor,Kayserispor,1.71,3.9,4.45
"Sep 19, 2021, 16:00",Galatasaray,Alanyaspor,1.42,4.75,7
"Sep 19, 2021, 13:30",Giresunspor,Konyaspor,2.9,3.15,2.45
"Sep 18, 2021, 19:00",Antalyaspor,Beşiktaş,4.75,3.75,1.7
"Sep 18, 2021, 19:00",Adana Demirspor,Rizespor,1.85,3.5,4.1
"Sep 18, 2021, 16:00",Kasımpaşa,Trabzonspor,3.95,3.8,1.8
"Sep 18, 2021, 13:30",Sivasspor,Gazişehir Gaziantep,1.95,3.3,3.9
"Sep 17, 2021, 20:00",Yeni Malatyaspor,Fatih Karagümrük,2.9,3.25,2.4
"Sep 17, 2021, 20:00",Altay,Göztepe,2.25,3.3,3.1
"Sep 13, 2021, 20:00",Gazişehir Gaziantep,Antalyaspor,2.2,3.35,3.1
"Sep 13, 2021, 20:00",Alanyaspor,Giresunspor,2.05,3.4,3.55
"Sep 12, 2021, 20:00",Trabzonspor,Galatasaray,2.45,3.25,2.8
"Sep 12, 2021, 20:00",Göztepe,İstanbul Başakşehir,2.25,3.3,3.1
"Sep 12, 2021, 17:00",Fenerbahçe,Sivasspor,1.57,4.05,5.5
"Sep 12, 2021, 17:00",Rizespor,Hatayspor,2.75,3.2,2.55
"Sep 11, 2021, 20:00",Beşiktaş,Yeni Malatyaspor,1.36,4.85,7.1
"Sep 11, 2021, 20:00",Kayserispor,Kasımpaşa,2.58,3.3,2.58
"Sep 11, 2021, 17:00",Fatih Karagümrük,Adana Demirspor,2.45,3.2,2.85
"Sep 11, 2021, 17:00",Konyaspor,Altay,2.35,3.2,3
"Aug 29, 2021, 21:45",Giresunspor,Trabzonspor,3.5,3.15,2.15
"Aug 29, 2021, 21:45",Altay,Fenerbahçe,3.1,3.35,2.25
"Aug 29, 2021, 19:15",Kasımpaşa,Galatasaray,4.2,3.5,1.83
"Aug 29, 2021, 19:15",Sivasspor,Göztepe,2.2,3.25,3.25
"Aug 28, 2021, 21:45",Beşiktaş,Fatih Karagümrük,1.54,4.25,5.5
"Aug 28, 2021, 21:45",Hatayspor,Alanyaspor,2.25,3.4,3.05
"Aug 28, 2021, 19:15",Yeni Malatyaspor,Gazişehir Gaziantep,2.5,2.95,3
"Aug 28, 2021, 19:15",İstanbul Başakşehir,Kayserispor,1.41,4.3,7
"Aug 27, 2021, 21:45",Adana Demirspor,Konyaspor,2.1,3.35,3.35
"Aug 27, 2021, 20:30",Antalyaspor,Rizespor,1.91,3.5,3.9
"Aug 23, 2021, 21:45",Galatasaray,Hatayspor,1.4,4.5,6.5
"Aug 23, 2021, 19:15",Trabzonspor,Sivasspor,1.69,3.8,4.6
"Aug 22, 2021, 21:45",Fenerbahçe,Antalyaspor,1.54,4.15,5.75
"Aug 22, 2021, 21:45",Göztepe,Yeni Malatyaspor,1.83,3.6,4.15
"Aug 22, 2021, 19:15",Konyaspor,İstanbul Başakşehir,2.5,2.95,3.05
"Aug 21, 2021, 21:45",Gazişehir Gaziantep,Beşiktaş,4.45,3.9,1.71
"Aug 21, 2021, 21:45",Alanyaspor,Altay,2.3,3.05,3.25
"Aug 21, 2021, 19:15",Kasımpaşa,Giresunspor,2.15,3.25,3.35
"Aug 21, 2021, 19:15",Rizespor,Fatih Karagümrük,2.75,3.15,2.55
"Aug 20, 2021, 20:30",Kayserispor,Adana Demirspor,3.15,3.25,2.25
"Aug 16, 2021, 21:45",Giresunspor,Galatasaray,4.65,4,1.52
"Aug 16, 2021, 19:15",Yeni Malatyaspor,Trabzonspor,3.8,3.55,1.91
"Aug 16, 2021, 19:15",Sivasspor,Konyaspor,2.15,3.05,3.6
"Aug 15, 2021, 21:45",Antalyaspor,Göztepe,2.39,3.42,2.94
"Aug 15, 2021, 21:45",Adana Demirspor,Fenerbahçe,4.7,4.08,1.69
"Aug 15, 2021, 19:15",İstanbul Başakşehir,Alanyaspor,2.1,3.15,3.65
"Aug 14, 2021, 21:45",Altay,Kayserispor,1.87,3.6,3.95
"Aug 14, 2021, 21:45",Hatayspor,Kasımpaşa,2.15,3.6,3.05
"Aug 14, 2021, 19:15",Fatih Karagümrük,Gazişehir Gaziantep,2,3.4,3.75
"Aug 13, 2021, 20:30",Beşiktaş,Rizespor,1.52,4.3,5.9
,,,,,
Tarih,Ev Sahibi Takım,Deplasman Takımı,Ev Galibiyeti Oranı,Beraberlik Oranı,Deplasman Galibiyeti Oranı
"May 26, 2024, 19:00",Fenerbahçe,İstanbulspor,1.05,12.71,16.62
"May 26, 2024, 19:00",Konyaspor,Galatasaray,4.58,2.25,2.06
"May 26, 2024, 19:00",Pendikspor,Gazişehir Gaziantep,3.01,3.25,2.35
"May 26, 2024, 19:00",Adana Demirspor,İstanbul Başakşehir,3.06,4,2.05
"May 26, 2024, 19:00",Kasımpaşa,Beşiktaş,2.56,4.05,2.34
"May 26, 2024, 19:00",Trabzonspor,Ankaragücü,2.83,3.75,2.25
"May 26, 2024, 19:00",Hatayspor,Rizespor,1.46,4.8,5.82
"May 25, 2024, 19:00",Sivasspor,Kayserispor,2.05,3.25,3.4
"May 25, 2024, 16:00",Fatih Karagümrük,Samsunspor,1.97,3.26,3.16
"May 24, 2024, 20:00",Alanyaspor,Antalyaspor,1.6,4.1,4.3
"May 19, 2024, 19:00",Galatasaray,Fenerbahçe,2.15,3.7,3
"May 18, 2024, 19:00",Beşiktaş,Hatayspor,1.52,4.3,5.6
"May 18, 2024, 19:00",Ankaragücü,Pendikspor,2.16,3.55,3.05
"May 18, 2024, 19:00",Rizespor,Kasımpaşa,2.21,3.55,2.95
"May 18, 2024, 19:00",Samsunspor,Alanyaspor,2.11,3.4,3.3
"May 18, 2024, 19:00",Gazişehir Gaziantep,Fatih Karagümrük,2.46,3.25,2.8
"May 18, 2024, 19:00",İstanbul Başakşehir,Trabzonspor,2.6,3.35,2.55
"May 18, 2024, 19:00",Kayserispor,Konyaspor,2.6,2.65,3.25
"May 17, 2024, 20:00",Antalyaspor,Adana Demirspor,2.05,3.3,3
"May 17, 2024, 17:00",İstanbulspor,Sivasspor,3.25,3.55,1.96
"May 12, 2024, 19:00",Fenerbahçe,Kayserispor,1.14,9.3,15
"May 12, 2024, 19:00",Trabzonspor,İstanbulspor,1.14,8.7,17
"May 12, 2024, 19:00",Fatih Karagümrük,Galatasaray,6.05,4.68,1.48
"May 12, 2024, 19:00",Konyaspor,Samsunspor,2.6,3.1,2.9
"May 12, 2024, 19:00",Adana Demirspor,Gazişehir Gaziantep,1.97,3.7,3.64
"May 12, 2024, 19:00",Sivasspor,İstanbul Başakşehir,3.06,3.3,2.36
"May 12, 2024, 19:00",Kasımpaşa,Antalyaspor,2.13,3.58,3.28
"May 12, 2024, 19:00",Alanyaspor,Beşiktaş,2.99,3.52,2.3
"May 12, 2024, 19:00",Hatayspor,Ankaragücü,2.59,3.24,2.79
"May 12, 2024, 19:00",Pendikspor,Rizespor,2.52,3.66,2.62
"May 6, 2024, 20:00",Antalyaspor,Pendikspor,2.2,3.6,2.9
"May 6, 2024, 20:00",Konyaspor,Fenerbahçe,7.5,4.75,1.38
"May 5, 2024, 19:00",Gazişehir Gaziantep,Hatayspor,2.18,3.3,3
"May 5, 2024, 19:00",Galatasaray,Sivasspor,1.17,7.4,11
"May 5, 2024, 16:00",İstanbul Başakşehir,Kasımpaşa,2,3.65,3.44
"May 4, 2024, 19:00",Kayserispor,Fatih Karagümrük,2.32,3.2,2.85
"May 4, 2024, 19:00",Samsunspor,Trabzonspor,2.65,3.2,2.45
"May 4, 2024, 16:00",İstanbulspor,Adana Demirspor,4.33,3.7,1.61
"May 3, 2024, 20:00",Ankaragücü,Alanyaspor,2.11,3.2,3.2
"May 3, 2024, 20:00",Beşiktaş,Rizespor,1.75,3.6,3.9
"Apr 29, 2024, 20:00",Fatih Karagümrük,Antalyaspor,1.71,4.06,3.6
"Apr 28, 2024, 19:00",Trabzonspor,Gazişehir Gaziantep,1.41,4.05,5.9
"Apr 28, 2024, 19:00",Rizespor,Ankaragücü,2.07,3.09,3.1
"Apr 28, 2024, 16:00",Pendikspor,Kayserispor,2.03,3.45,3.15
"Apr 28, 2024, 16:00",Alanyaspor,İstanbulspor,1.35,4.62,6.9
"Apr 27, 2024, 19:00",Hatayspor,İstanbul Başakşehir,1.88,4.63,2.77
"Apr 27, 2024, 19:00",Fenerbahçe,Beşiktaş,1.2,9.02,5.97
"Apr 27, 2024, 16:00",Kasımpaşa,Samsunspor,2.3,3.4,2.75
"Apr 27, 2024, 16:00",Sivasspor,Konyaspor,2.3,3.1,3
"Apr 26, 2024, 20:00",Adana Demirspor,Galatasaray,5,4.5,1.5
"Apr 22, 2024, 20:00",Sivasspor,Fenerbahçe,5.75,4.62,1.51
"Apr 21, 2024, 19:00",Antalyaspor,Hatayspor,1.85,3.6,4
"Apr 21, 2024, 19:00",Galatasaray,Pendikspor,1.2,7,11
"Apr 21, 2024, 19:00",Gazişehir Gaziantep,Kasımpaşa,2.2,3.7,2.9
"Apr 21, 2024, 13:30",İstanbul Başakşehir,Rizespor,2.05,3.7,3.1
"Apr 20, 2024, 19:00",Samsunspor,Adana Demirspor,2.1,3.25,3.2
"Apr 20, 2024, 19:00",Kayserispor,Trabzonspor,3,3.5,2.1
"Apr 20, 2024, 16:00",Konyaspor,Alanyaspor,2.3,3.4,2.95
"Apr 20, 2024, 13:30",İstanbulspor,Fatih Karagümrük,4.7,3.8,1.68
"Apr 19, 2024, 20:00",Beşiktaş,Ankaragücü,1.67,3.6,4.2
"Apr 15, 2024, 20:00",Alanyaspor,Galatasaray,5.5,4.5,1.44
"Apr 14, 2024, 19:00",Fatih Karagümrük,Fenerbahçe,5.88,4.52,1.52
"Apr 14, 2024, 16:00",Hatayspor,İstanbulspor,1.46,4.4,6.4
"Apr 14, 2024, 16:00",Rizespor,Antalyaspor,2.23,3.4,3.05
"Apr 14, 2024, 13:30",Pendikspor,İstanbul Başakşehir,2.5,3.35,2.65
"Apr 13, 2024, 19:00",Adana Demirspor,Kayserispor,1.95,3.65,3.4
"Apr 13, 2024, 19:00",Beşiktaş,Samsunspor,1.79,3.65,4.05
"Apr 13, 2024, 16:00",Ankaragücü,Gazişehir Gaziantep,1.9,3.25,3.8
"Apr 13, 2024, 13:30",Kasımpaşa,Konyaspor,2.04,3.35,3.25
"Apr 12, 2024, 20:00",Trabzonspor,Sivasspor,1.55,3.75,5.5
"Apr 4, 2024, 20:30",Samsunspor,Pendikspor,1.84,3.7,3.75
"Apr 4, 2024, 20:30",İstanbul Başakşehir,Beşiktaş,2.4,3.35,2.72
"Apr 3, 2024, 20:30",Kayserispor,Kasımpaşa,2.15,3.7,3.1
"Apr 3, 2024, 20:30",Fenerbahçe,Adana Demirspor,1.3,6,9
"Apr 3, 2024, 20:30",Konyaspor,Trabzonspor,3.5,3.4,2.1
"Apr 3, 2024, 17:00",Sivasspor,Fatih Karagümrük,2.5,3.1,2.6
"Apr 2, 2024, 20:30",Galatasaray,Hatayspor,1.19,7.2,12
"Apr 2, 2024, 20:30",Gazişehir Gaziantep,Alanyaspor,2.42,3.25,2.94
"Apr 2, 2024, 20:30",Antalyaspor,Ankaragücü,1.93,3.35,4.1
"Apr 2, 2024, 17:00",İstanbulspor,Rizespor,3.6,3.5,1.87
"Mar 17, 2024, 20:30",Trabzonspor,Fenerbahçe,4.75,4,1.7
"Mar 17, 2024, 16:00",Kasımpaşa,Galatasaray,6,4.6,1.4
"Mar 17, 2024, 16:00",Hatayspor,Samsunspor,2.9,3.2,2.3
"Mar 17, 2024, 13:30",Rizespor,Gazişehir Gaziantep,1.73,3.5,4.33
"Mar 16, 2024, 20:30",Beşiktaş,Antalyaspor,1.8,3.7,4.2
"Mar 16, 2024, 20:30",Adana Demirspor,Sivasspor,1.85,3.6,3.9
"Mar 16, 2024, 16:00",Ankaragücü,İstanbul Başakşehir,2.32,3,3.05
"Mar 16, 2024, 13:30",Alanyaspor,Kayserispor,2.08,3.55,3.35
"Mar 15, 2024, 20:30",Pendikspor,İstanbulspor,1.69,2.37,9.96
"Mar 15, 2024, 20:30",Fatih Karagümrük,Konyaspor,2.03,3.5,4.06
"Mar 11, 2024, 20:30",Gazişehir Gaziantep,Beşiktaş,3.95,3.63,1.95
"Mar 10, 2024, 19:00",Fenerbahçe,Pendikspor,1.18,7.5,11.88
"Mar 10, 2024, 16:00",İstanbulspor,Kasımpaşa,4.1,3.85,1.77
"Mar 10, 2024, 16:00",Samsunspor,Ankaragücü,2.01,3.3,3.75
"Mar 10, 2024, 13:30",Kayserispor,Hatayspor,2.02,3.4,3.55
"Mar 9, 2024, 19:00",Trabzonspor,Fatih Karagümrük,1.86,3.82,3.82
"Mar 9, 2024, 19:00",İstanbul Başakşehir,Antalyaspor,2.13,3.45,3.33
"Mar 9, 2024, 16:00",Konyaspor,Adana Demirspor,2.3,3.25,2.8
"Mar 9, 2024, 13:30",Sivasspor,Alanyaspor,2.38,3.25,2.75
"Mar 8, 2024, 20:00",Galatasaray,Rizespor,1.22,5.75,8.5
"Mar 4, 2024, 20:00",Antalyaspor,Gazişehir Gaziantep,1.81,3.66,4.38
"Mar 4, 2024, 20:00",Alanyaspor,Trabzonspor,2.68,3.26,2.68
"Mar 4, 2024, 17:00",Adana Demirspor,Fatih Karagümrük,1.99,3.74,3.52
"Mar 3, 2024, 19:00",Beşiktaş,Galatasaray,3.7,3.9,1.9
"Mar 3, 2024, 13:30",İstanbul Başakşehir,Samsunspor,2.37,3.4,2.75
"Mar 3, 2024, 13:30",Pendikspor,Konyaspor,2.16,3.6,2.95
"Mar 2, 2024, 19:00",Hatayspor,Fenerbahçe,7.92,5.35,1.33
"Mar 2, 2024, 16:00",Rizespor,Kayserispor,1.95,3.25,3.3
"Mar 2, 2024, 13:30",Ankaragücü,İstanbulspor,1.57,3.6,5.25
"Mar 1, 2024, 20:00",Kasımpaşa,Sivasspor,2.03,3.78,3.3
"Feb 26, 2024, 20:00",Galatasaray,Antalyaspor,1.22,6,11
"Feb 25, 2024, 19:00",İstanbulspor,Beşiktaş,5.75,4.1,1.52
"Feb 25, 2024, 16:00",Fatih Karagümrük,Alanyaspor,1.94,3.5,3.65
"Feb 25, 2024, 16:00",Trabzonspor,Adana Demirspor,1.71,3.85,4.35
"Feb 25, 2024, 13:30",Sivasspor,Pendikspor,2.05,3.4,3.2
"Feb 24, 2024, 19:00",Konyaspor,Hatayspor,2.33,3.3,2.9
"Feb 24, 2024, 19:00",Fenerbahçe,Kasımpaşa,1.2,7,10
"Feb 24, 2024, 16:00",Gazişehir Gaziantep,İstanbul Başakşehir,2.63,3.24,2.27
"Feb 24, 2024, 13:30",Kayserispor,Ankaragücü,2.28,3.2,2.64
"Feb 23, 2024, 20:00",Samsunspor,Rizespor,1.91,3.45,3.4
"Feb 19, 2024, 20:00",İstanbul Başakşehir,Kayserispor,1.78,3.89,4.46
"Feb 19, 2024, 20:00",Beşiktaş,Konyaspor,1.62,4.16,5.4
"Feb 18, 2024, 19:00",Ankaragücü,Galatasaray,5,4.33,1.5
"Feb 18, 2024, 16:00",Gazişehir Gaziantep,Samsunspor,2.39,3.35,2.75
"Feb 18, 2024, 16:00",Pendikspor,Trabzonspor,3.25,3.5,2.05
"Feb 18, 2024, 13:30",Alanyaspor,Adana Demirspor,1.95,3.45,3.6
"Feb 17, 2024, 19:00",Rizespor,Fenerbahçe,5.5,4.33,1.5
"Feb 17, 2024, 16:00",Hatayspor,Sivasspor,2.25,3.2,3
"Feb 17, 2024, 13:30",Antalyaspor,İstanbulspor,1.45,4,6.5
"Feb 16, 2024, 20:00",Kasımpaşa,Fatih Karagümrük,2.23,3.68,3.14
"Feb 12, 2024, 20:00",Samsunspor,Antalyaspor,2.37,3.3,2.9
"Feb 12, 2024, 20:00",Kayserispor,Beşiktaş,3.4,3.65,2
"Feb 12, 2024, 17:00",Trabzonspor,Hatayspor,1.63,3.85,5
"Feb 11, 2024, 19:00",Fenerbahçe,Alanyaspor,1.22,6,12
"Feb 11, 2024, 16:00",İstanbulspor,Gazişehir Gaziantep,2.66,3.4,2.44
"Feb 11, 2024, 16:00",Konyaspor,Ankaragücü,2.53,3.2,2.7
"Feb 11, 2024, 13:30",Sivasspor,Rizespor,2.34,3.45,2.74
"Feb 10, 2024, 19:00",Galatasaray,İstanbul Başakşehir,1.25,5.25,9.5
"Feb 10, 2024, 16:00",Fatih Karagümrük,Pendikspor,1.91,3.5,4
"Feb 9, 2024, 20:00",Adana Demirspor,Kasımpaşa,2.1,3.65,3.05
"Feb 4, 2024, 19:00",Beşiktaş,Trabzonspor,2.05,3.6,3.2
"Feb 4, 2024, 16:00",Kasımpaşa,Alanyaspor,2.32,3.6,2.82
"Feb 4, 2024, 13:30",Pendikspor,Adana Demirspor,2.18,3.55,3.1
"Feb 3, 2024, 19:00",Gazişehir Gaziantep,Kayserispor,2.47,3.58,2.93
"Feb 3, 2024, 19:00",Antalyaspor,Fenerbahçe,5.09,4.37,1.67
"Feb 3, 2024, 16:00",İstanbul Başakşehir,İstanbulspor,1.53,4,5.25
"Feb 3, 2024, 13:30",Rizespor,Konyaspor,1.83,3.4,4
"Feb 2, 2024, 20:00",Samsunspor,Galatasaray,5.25,4.1,1.53
"Feb 2, 2024, 17:00",Hatayspor,Fatih Karagümrük,1.98,3.53,3.05
"Feb 2, 2024, 17:00",Ankaragücü,Sivasspor,2.18,3.48,2.71
"Jan 29, 2024, 20:00",Trabzonspor,Kasımpaşa,1.63,4.3,4.8
"Jan 29, 2024, 20:00",Galatasaray,Gazişehir Gaziantep,1.2,7.25,13
"Jan 29, 2024, 17:00",İstanbulspor,Samsunspor,3.3,3.5,2.15
"Jan 29, 2024, 17:00",Kayserispor,Antalyaspor,3.1,3.4,2.3
"Jan 28, 2024, 19:00",Fenerbahçe,Ankaragücü,1.16,6.75,13
"Jan 28, 2024, 16:00",Sivasspor,Beşiktaş,3.05,3.75,2.19
"Jan 28, 2024, 16:00",Fatih Karagümrük,Rizespor,2.39,3.65,2.8
"Jan 28, 2024, 13:30",Konyaspor,İstanbul Başakşehir,2.6,3.55,2.6
"Jan 27, 2024, 19:00",Adana Demirspor,Hatayspor,1.91,3.6,3.4
"Jan 27, 2024, 16:00",Alanyaspor,Pendikspor,1.86,3.75,3.65
"Jan 25, 2024, 20:00",Galatasaray,İstanbulspor,1.12,8.1,16
"Jan 25, 2024, 20:00",Rizespor,Trabzonspor,2.64,3.35,2.48
"Jan 25, 2024, 17:00",Samsunspor,Kayserispor,2.13,3.5,3.1
"Jan 24, 2024, 20:00",İstanbul Başakşehir,Fenerbahçe,5.2,4.1,1.53
"Jan 24, 2024, 20:00",Antalyaspor,Sivasspor,1.91,3.35,3.75
"Jan 24, 2024, 17:00",Ankaragücü,Fatih Karagümrük,2.36,3.3,2.75
"Jan 24, 2024, 17:00",Gazişehir Gaziantep,Konyaspor,2.56,3.15,2.61
"Jan 23, 2024, 20:00",Pendikspor,Kasımpaşa,2.52,2.85,2.77
"Jan 23, 2024, 20:00",Beşiktaş,Adana Demirspor,1.8,3.09,4.35
"Jan 23, 2024, 17:00",Hatayspor,Alanyaspor,2.41,2.61,3.24
"Jan 22, 2024, 20:00",Kayserispor,İstanbulspor,1.5,4,5.5
"Jan 21, 2024, 19:00",Trabzonspor,Galatasaray,4,3.6,1.83
"Jan 21, 2024, 16:00",Fenerbahçe,Samsunspor,1.19,6.6,11
"Jan 21, 2024, 16:00",Konyaspor,Antalyaspor,2.74,3.15,2.52
"Jan 21, 2024, 13:30",Sivasspor,Gazişehir Gaziantep,1.91,3.4,3.8
"Jan 20, 2024, 19:00",Pendikspor,Beşiktaş,3.95,3.65,1.79
"Jan 20, 2024, 19:00",Adana Demirspor,Ankaragücü,1.86,3.75,3.55
"Jan 20, 2024, 16:00",Fatih Karagümrük,İstanbul Başakşehir,2.19,3.4,3.05
"Jan 20, 2024, 16:00",Alanyaspor,Rizespor,2.26,3.45,2.89
"Jan 20, 2024, 13:30",Kasımpaşa,Hatayspor,1.94,3.7,3.5
"Jan 15, 2024, 20:00",Galatasaray,Kayserispor,1.29,5.02,6.96
"Jan 14, 2024, 19:00",Gazişehir Gaziantep,Fenerbahçe,6.15,4.66,1.54
"Jan 14, 2024, 16:00",Antalyaspor,Trabzonspor,2.63,3.5,2.4
"Jan 14, 2024, 16:00",Samsunspor,Sivasspor,2.3,3.5,2.8
"Jan 14, 2024, 13:30",İstanbulspor,Konyaspor,2.95,3.1,2.24
"Jan 13, 2024, 19:00",Rizespor,Adana Demirspor,2.49,3.85,2.6
"Jan 13, 2024, 19:00",Beşiktaş,Fatih Karagümrük,1.65,4.3,4.7
"Jan 13, 2024, 16:00",İstanbul Başakşehir,Alanyaspor,2.01,3.4,3.4
"Jan 13, 2024, 13:30",Hatayspor,Pendikspor,1.92,3.7,3.35
"Jan 13, 2024, 13:30",Ankaragücü,Kasımpaşa,2.05,3.5,3.15
"Jan 11, 2024, 20:00",Trabzonspor,Samsunspor,1.67,3.6,4.75
"Jan 11, 2024, 17:00",Sivasspor,Galatasaray,6,4.2,1.45
"Jan 10, 2024, 20:00",Adana Demirspor,İstanbulspor,1.5,4.5,5.5
"Jan 10, 2024, 20:00",Fenerbahçe,Konyaspor,1.29,6,8.5
"Jan 10, 2024, 17:00",Hatayspor,Gazişehir Gaziantep,2.05,3.5,3.4
"Jan 10, 2024, 17:00",Fatih Karagümrük,Kayserispor,2.7,3.5,2.4
"Jan 9, 2024, 20:00",Kasımpaşa,İstanbul Başakşehir,2.3,3.5,2.8
"Jan 9, 2024, 20:00",Rizespor,Beşiktaş,2.62,3.6,2.4
"Jan 9, 2024, 17:00",Pendikspor,Antalyaspor,3.1,3.5,2.15
"Jan 9, 2024, 17:00",Alanyaspor,Ankaragücü,2.1,3.4,3.2
"Jan 7, 2024, 19:00",Galatasaray,Konyaspor,1.25,5.5,9.5
"Jan 7, 2024, 16:00",İstanbulspor,Fenerbahçe,11.94,6.58,1.23
"Jan 7, 2024, 13:30",Kayserispor,Sivasspor,2.16,3.99,2.53
"Jan 6, 2024, 19:00",Samsunspor,Fatih Karagümrük,2.46,3.82,2.59
"Jan 6, 2024, 19:00",Ankaragücü,Trabzonspor,3.11,3.82,2.13
"Jan 6, 2024, 16:00",İstanbul Başakşehir,Adana Demirspor,2.5,3.65,2.41
"Jan 6, 2024, 13:30",Rizespor,Hatayspor,2.2,3.45,2.88
"Jan 5, 2024, 20:00",Antalyaspor,Alanyaspor,2.1,3.3,3.2
"Jan 5, 2024, 20:00",Beşiktaş,Kasımpaşa,1.53,4.1,5
"Jan 5, 2024, 17:00",Gazişehir Gaziantep,Pendikspor,2.14,2.78,3.57
"Dec 25, 2023, 20:00",Hatayspor,Beşiktaş,2.88,3.55,2.07
"Dec 25, 2023, 20:00",Pendikspor,Ankaragücü,2.65,3.5,2.23
"Dec 25, 2023, 17:00",Kasımpaşa,Rizespor,1.99,3.55,3.05
"Dec 25, 2023, 17:00",Alanyaspor,Samsunspor,2.23,3.4,2.68
"Dec 24, 2023, 19:00",Fenerbahçe,Galatasaray,2.25,3.3,2.7
"Dec 24, 2023, 16:00",Adana Demirspor,Antalyaspor,2,3.68,2.95
"Dec 24, 2023, 13:30",Konyaspor,Kayserispor,2.28,3.45,2.6
"Dec 23, 2023, 19:00",Trabzonspor,İstanbul Başakşehir,1.67,3.8,4.7
"Dec 23, 2023, 16:00",Fatih Karagümrük,Gazişehir Gaziantep,2.15,3.47,3.27
"Dec 23, 2023, 13:30",Sivasspor,İstanbulspor,1.62,4.12,5
"Dec 21, 2023, 20:00",Beşiktaş,Alanyaspor,1.5,4.1,5.5
"Dec 21, 2023, 20:00",Ankaragücü,Hatayspor,1.95,3.3,3.5
"Dec 21, 2023, 17:00",Samsunspor,Konyaspor,1.87,3.4,3.8
"Dec 21, 2023, 17:00",Rizespor,Pendikspor,1.83,3.6,3.7
"Dec 20, 2023, 20:00",Galatasaray,Fatih Karagümrük,1.2,5.75,11.5
"Dec 20, 2023, 20:00",Antalyaspor,Kasımpaşa,1.7,3.75,4.2
"Dec 20, 2023, 17:00",Kayserispor,Fenerbahçe,6.3,4.8,1.38
"Dec 19, 2023, 20:00",İstanbulspor,Trabzonspor,5.25,4,1.53
"Dec 19, 2023, 20:00",Gazişehir Gaziantep,Adana Demirspor,2.63,3.6,2.3
"Dec 19, 2023, 17:00",İstanbul Başakşehir,Sivasspor,2,3.3,3.4
"Dec 11, 2023, 20:00",Ankaragücü,Rizespor,3.4,4.3,1.72
"Dec 11, 2023, 20:00",Konyaspor,Sivasspor,2.4,2.86,2.93
"Dec 10, 2023, 19:00",Gazişehir Gaziantep,Trabzonspor,3.15,3.34,1.99
"Dec 10, 2023, 16:00",Kayserispor,Pendikspor,1.98,3.7,3.3
"Dec 10, 2023, 16:00",İstanbul Başakşehir,Hatayspor,1.96,3.55,3.5
"Dec 10, 2023, 13:30",İstanbulspor,Alanyaspor,2.51,3.5,2.54
"Dec 9, 2023, 19:00",Beşiktaş,Fenerbahçe,3.6,3.7,1.88
"Dec 9, 2023, 16:00",Samsunspor,Kasımpaşa,2.55,3.5,2.5
"Dec 9, 2023, 13:30",Antalyaspor,Fatih Karagümrük,1.75,3.6,4.33
"Dec 8, 2023, 20:00",Galatasaray,Adana Demirspor,1.27,6,7.8
"Dec 4, 2023, 20:00",Fenerbahçe,Sivasspor,1.25,5.25,9.5
"Dec 3, 2023, 19:00",Ankaragücü,Beşiktaş,3.25,3.3,2
"Dec 3, 2023, 16:00",Trabzonspor,Kayserispor,1.9,3.98,4.06
"Dec 3, 2023, 13:30",Kasımpaşa,Gazişehir Gaziantep,2.01,3.87,3.71
"Dec 2, 2023, 19:00",Pendikspor,Galatasaray,8,5.25,1.29
"Dec 2, 2023, 19:00",Adana Demirspor,Samsunspor,1.62,4,4.4
"Dec 2, 2023, 16:00",Rizespor,İstanbul Başakşehir,2.37,3.4,2.76
"Dec 2, 2023, 13:30",Alanyaspor,Konyaspor,2.34,3.45,2.74
"Dec 1, 2023, 20:00",Hatayspor,Antalyaspor,2.74,3.66,2.58
"Dec 1, 2023, 20:00",Fatih Karagümrük,İstanbulspor,1.94,3.88,3.98
"Nov 27, 2023, 20:00",İstanbul Başakşehir,Pendikspor,1.7,3.75,4.2
"Nov 27, 2023, 20:00",Sivasspor,Trabzonspor,3,3.5,2.1
"Nov 26, 2023, 19:00",Fenerbahçe,Fatih Karagümrük,1.28,6.1,7.5
"Nov 26, 2023, 16:00",Samsunspor,Beşiktaş,3.39,3.61,2.14
"Nov 26, 2023, 16:00",Antalyaspor,Rizespor,1.93,3.72,3.96
"Nov 26, 2023, 13:30",Kayserispor,Adana Demirspor,2.76,3.72,2.46
"Nov 25, 2023, 19:00",Galatasaray,Alanyaspor,1.26,6,10
"Nov 25, 2023, 16:00",Gazişehir Gaziantep,Ankaragücü,2.13,3.17,2.88
"Nov 25, 2023, 16:00",Konyaspor,Kasımpaşa,2,3.3,3.06
"Nov 25, 2023, 13:30",İstanbulspor,Hatayspor,2.72,3.31,2.31
"Nov 12, 2023, 19:00",Adana Demirspor,Fenerbahçe,1.96,2.23,6.59
"Nov 12, 2023, 16:00",Beşiktaş,İstanbul Başakşehir,1.62,3.54,4.37
"Nov 12, 2023, 16:00",Rizespor,İstanbulspor,1.95,3.33,3.17
"Nov 12, 2023, 13:30",Pendikspor,Samsunspor,2.53,3.27,2.33
"Nov 11, 2023, 19:00",Hatayspor,Galatasaray,5.7,4.75,1.44
"Nov 11, 2023, 16:00",Alanyaspor,Gazişehir Gaziantep,1.95,3.7,3.4
"Nov 11, 2023, 16:00",Fatih Karagümrük,Sivasspor,2.35,3.5,2.75
"Nov 11, 2023, 13:30",Kasımpaşa,Kayserispor,2.25,3.7,2.8
"Nov 10, 2023, 20:00",Trabzonspor,Konyaspor,1.91,3.67,3.8
"Nov 10, 2023, 20:00",Ankaragücü,Antalyaspor,2.44,3.35,2.83
"Nov 8, 2023, 20:00",Samsunspor,İstanbulspor,2.04,3.48,3.52
"Nov 6, 2023, 20:00",Kayserispor,Alanyaspor,2.12,3.55,3.05
"Nov 6, 2023, 20:00",Gazişehir Gaziantep,Rizespor,2.36,3.4,2.77
"Nov 5, 2023, 19:00",Antalyaspor,Beşiktaş,3.45,3.6,2.05
"Nov 5, 2023, 16:00",İstanbul Başakşehir,Ankaragücü,2.27,3.66,3.21
"Nov 5, 2023, 16:00",Konyaspor,Fatih Karagümrük,2.27,3.81,3.11
"Nov 5, 2023, 13:30",Sivasspor,Adana Demirspor,3,3.83,2.32
"Nov 4, 2023, 19:00",Fenerbahçe,Trabzonspor,1.47,4.9,5.5
"Nov 4, 2023, 16:00",Samsunspor,Hatayspor,2.98,3.48,2.33
"Nov 4, 2023, 13:30",İstanbulspor,Pendikspor,2.23,3.64,3.03
"Nov 3, 2023, 20:00",Galatasaray,Kasımpaşa,1.18,7.2,10.5
"Oct 30, 2023, 20:00",Beşiktaş,Gazişehir Gaziantep,1.36,4.6,6.8
"Oct 29, 2023, 19:00",Pendikspor,Fenerbahçe,8.5,5.5,1.28
"Oct 29, 2023, 19:00",Antalyaspor,İstanbul Başakşehir,2.15,3.15,3.25
"Oct 29, 2023, 19:00",Ankaragücü,Samsunspor,2.35,3.35,2.8
"Oct 29, 2023, 16:00",Fatih Karagümrük,Trabzonspor,2.6,3.55,2.32
"Oct 28, 2023, 19:00",Adana Demirspor,Konyaspor,1.82,3.85,3.85
"Oct 28, 2023, 19:00",Rizespor,Galatasaray,5,4.2,1.58
"Oct 28, 2023, 16:00",Alanyaspor,Sivasspor,2.21,3.55,2.91
"Oct 27, 2023, 20:00",Hatayspor,Kayserispor,2.15,3.5,3.2
"Oct 27, 2023, 20:00",Kasımpaşa,İstanbulspor,1.8,3.75,4.2
"Oct 23, 2023, 20:00",Fatih Karagümrük,Adana Demirspor,3.15,3.6,1.98
"Oct 23, 2023, 20:00",Trabzonspor,Alanyaspor,1.63,3.8,4.5
"Oct 22, 2023, 19:00",Samsunspor,İstanbul Başakşehir,2.3,3.4,2.9
"Oct 22, 2023, 19:00",Fenerbahçe,Hatayspor,1.2,6.5,12
"Oct 22, 2023, 16:00",İstanbulspor,Ankaragücü,3,3.4,2.2
"Oct 22, 2023, 13:30",Sivasspor,Kasımpaşa,2.25,3.4,3
"Oct 21, 2023, 19:00",Galatasaray,Beşiktaş,1.9,3.8,3.75
"Oct 21, 2023, 16:00",Gazişehir Gaziantep,Antalyaspor,2.63,3.4,2.45
"Oct 21, 2023, 16:00",Konyaspor,Pendikspor,1.7,3.7,4.75
"Oct 21, 2023, 13:30",Kayserispor,Rizespor,2.25,3.3,3
"Oct 8, 2023, 19:00",Hatayspor,Konyaspor,2.7,3.1,2.76
"Oct 8, 2023, 19:00",Kasımpaşa,Fenerbahçe,6.28,4.85,1.45
"Oct 8, 2023, 16:00",Beşiktaş,İstanbulspor,1.2,6,10.5
"Oct 8, 2023, 13:30",Rizespor,Samsunspor,2,3.4,3.25
"Oct 7, 2023, 19:00",İstanbul Başakşehir,Gazişehir Gaziantep,1.8,3.75,4
"Oct 7, 2023, 19:00",Antalyaspor,Galatasaray,4.5,4,1.67
"Oct 7, 2023, 16:00",Ankaragücü,Kayserispor,2.29,3.3,2.76
"Oct 7, 2023, 13:30",Pendikspor,Sivasspor,2.66,3.5,2.58
"Oct 6, 2023, 20:00",Alanyaspor,Fatih Karagümrük,1.95,3.5,3.4
"Oct 6, 2023, 20:00",Adana Demirspor,Trabzonspor,1.95,3.75,3.13
"Oct 2, 2023, 20:00",Kayserispor,İstanbul Başakşehir,2.64,3.4,2.62
"Oct 1, 2023, 19:00",Adana Demirspor,Alanyaspor,1.7,4.3,4.27
"Oct 1, 2023, 19:00",Konyaspor,Beşiktaş,3.11,3.6,2.1
"Oct 1, 2023, 16:00",Fenerbahçe,Rizespor,1.37,4.8,7
"Oct 1, 2023, 13:30",Fatih Karagümrük,Kasımpaşa,2.28,3.5,2.85
"Sep 30, 2023, 19:00",Galatasaray,Ankaragücü,1.33,5.5,7.5
"Sep 30, 2023, 16:00",İstanbulspor,Antalyaspor,2.75,3.35,2.43
"Sep 30, 2023, 16:00",Trabzonspor,Pendikspor,1.47,4.6,5.75
"Sep 30, 2023, 13:30",Sivasspor,Hatayspor,1.98,3.5,3.5
"Sep 29, 2023, 20:00",Samsunspor,Gazişehir Gaziantep,1.98,3.6,3.4
"Sep 28, 2023, 20:00",Fenerbahçe,İstanbul Başakşehir,1.45,4.6,6
"Sep 27, 2023, 20:00",Adana Demirspor,Beşiktaş,3.3,3.75,2.05
"Sep 26, 2023, 20:00",İstanbulspor,Galatasaray,5.1,4.4,1.55
"Sep 25, 2023, 20:00",Hatayspor,Trabzonspor,3.1,3.4,2.1
"Sep 24, 2023, 20:00",Kasımpaşa,Adana Demirspor,2.88,3.7,2.1
"Sep 24, 2023, 20:00",Alanyaspor,Fenerbahçe,4.6,4,1.6
"Sep 24, 2023, 17:00",Beşiktaş,Kayserispor,1.44,4.6,6.2
"Sep 24, 2023, 17:00",Ankaragücü,Konyaspor,2.25,3.5,2.95
"Sep 23, 2023, 20:00",İstanbul Başakşehir,Galatasaray,4.33,3.6,1.7
"Sep 23, 2023, 20:00",Antalyaspor,Samsunspor,2.05,3.4,3.2
"Sep 23, 2023, 17:00",Pendikspor,Fatih Karagümrük,2.32,3.35,2.69
"Sep 23, 2023, 17:00",Rizespor,Sivasspor,2.38,3.1,2.79
"Sep 22, 2023, 20:00",Gazişehir Gaziantep,İstanbulspor,2.3,3.2,2.7
"Sep 18, 2023, 20:00",Fatih Karagümrük,Hatayspor,2.05,3.5,3.25
"Sep 18, 2023, 20:00",Sivasspor,Ankaragücü,2.2,3.25,2.9
"Sep 17, 2023, 20:00",Alanyaspor,Kasımpaşa,2.08,3.7,3.05
"Sep 17, 2023, 20:00",Trabzonspor,Beşiktaş,2.93,3.7,2.13
"Sep 17, 2023, 17:00",İstanbulspor,İstanbul Başakşehir,2.95,3.25,2.2
"Sep 17, 2023, 17:00",Fenerbahçe,Antalyaspor,1.32,4.9,7
"Sep 16, 2023, 20:00",Galatasaray,Samsunspor,1.35,5.25,7.75
"Sep 16, 2023, 20:00",Adana Demirspor,Pendikspor,1.53,4.5,5.75
"Sep 16, 2023, 17:00",Kayserispor,Gazişehir Gaziantep,1.89,3.75,3.55
"Sep 16, 2023, 17:00",Konyaspor,Rizespor,2.03,3.6,3.2
"Sep 3, 2023, 21:45",Hatayspor,Adana Demirspor,3.1,3.85,2.1
"Sep 3, 2023, 21:45",Ankaragücü,Fenerbahçe,4.4,4.1,1.7
"Sep 3, 2023, 19:15",Beşiktaş,Sivasspor,1.44,4.4,6.25
"Sep 2, 2023, 21:45",Gazişehir Gaziantep,Galatasaray,4.5,4,1.67
"Sep 2, 2023, 21:45",Antalyaspor,Kayserispor,2.2,3.4,3
"Sep 2, 2023, 19:15",Pendikspor,Alanyaspor,2.25,3.4,2.8
"Sep 2, 2023, 19:15",İstanbul Başakşehir,Konyaspor,2.3,3.2,2.88
"Sep 1, 2023, 21:00",Kasımpaşa,Trabzonspor,2.75,3.63,2.38
"Sep 1, 2023, 21:00",Rizespor,Fatih Karagümrük,2.48,3.58,2.65
"Aug 27, 2023, 21:45",Alanyaspor,Hatayspor,1.85,3.6,3.5
"Aug 27, 2023, 19:15",Kayserispor,Samsunspor,2.22,3.79,3.22
"Aug 27, 2023, 19:15",Fatih Karagümrük,Ankaragücü,2.33,3.82,2.99
"Aug 26, 2023, 21:45",Sivasspor,Antalyaspor,2.15,3.4,3.2
"Aug 26, 2023, 19:15",Kasımpaşa,Pendikspor,1.77,3.9,4.2
"Aug 26, 2023, 19:15",Trabzonspor,Rizespor,1.5,4.5,6
"Aug 25, 2023, 21:00",Konyaspor,Gazişehir Gaziantep,1.91,3.65,3.45
"Aug 21, 2023, 21:00",Samsunspor,Fenerbahçe,4.6,3.9,1.6
"Aug 21, 2023, 21:00",Ankaragücü,Adana Demirspor,2.99,3.4,2.12
"Aug 20, 2023, 21:45",Gazişehir Gaziantep,Sivasspor,2.32,3.6,2.69
"Aug 20, 2023, 21:45",Beşiktaş,Pendikspor,1.28,5.8,8
"Aug 20, 2023, 19:15",İstanbul Başakşehir,Fatih Karagümrük,1.88,3.43,3.27
"Aug 19, 2023, 21:45",Hatayspor,Kasımpaşa,2.31,3.75,2.63
"Aug 19, 2023, 21:45",Galatasaray,Trabzonspor,1.59,4.45,4.45
"Aug 19, 2023, 19:15",Rizespor,Alanyaspor,2.4,3.55,2.8
"Aug 18, 2023, 21:00",İstanbulspor,Kayserispor,2.75,2.45,2.98
"Aug 18, 2023, 21:00",Antalyaspor,Konyaspor,2.55,3.81,2.21
"Aug 14, 2023, 21:00",Alanyaspor,İstanbul Başakşehir,2.65,3.2,2.3
"Aug 14, 2023, 21:00",Fatih Karagümrük,Beşiktaş,3.65,3.65,1.74
"Aug 13, 2023, 21:45",Adana Demirspor,Rizespor,1.62,4.1,4.8
"Aug 13, 2023, 21:45",Fenerbahçe,Gazişehir Gaziantep,1.37,5,7.2
"Aug 13, 2023, 19:15",Sivasspor,Samsunspor,1.98,3.55,3.45
"Aug 12, 2023, 21:45",Kayserispor,Galatasaray,4.55,4.1,1.68
"Aug 12, 2023, 21:45",Pendikspor,Hatayspor,2.45,3.65,2.6
"Aug 12, 2023, 19:15",Kasımpaşa,Ankaragücü,2.28,3.5,2.81
"Aug 12, 2023, 19:15",Konyaspor,İstanbulspor,1.84,3.6,3.85
"Aug 11, 2023, 21:00",Trabzonspor,Antalyaspor,1.65,3.9,4.6
,,,,,
Tarih,Ev Sahibi Takım,Deplasman Takımı,Ev Galibiyeti Oranı,Beraberlik Oranı,Deplasman Galibiyeti Oranı
"Jun 1, 2025, 19:00",BB Bodrumspor,Beşiktaş,4,3.65,1.83
"Jun 1, 2025, 19:00",Samsunspor,Kayserispor,1.63,4.1,4.75
"May 31, 2025, 19:00",Adana Demirspor,Gazişehir Gaziantep,5.5,4.85,1.46
"May 31, 2025, 19:00",Alanyaspor,Sivasspor,1.84,3.75,3.85
"May 31, 2025, 16:00",Rizespor,Hatayspor,1.4,5.25,6.5
"May 31, 2025, 16:00",Fenerbahçe,Konyaspor,1.45,4.8,5.8
"May 30, 2025, 20:00",Galatasaray,İstanbul Başakşehir,1.45,4.85,6.2
"May 30, 2025, 20:00",Antalyaspor,Trabzonspor,2.78,3.55,2.4
"May 30, 2025, 20:00",Kasımpaşa,Göztepe,1.97,4,3.3
"May 26, 2025, 20:00",Hatayspor,Fenerbahçe,9.59,7.03,1.2
"May 25, 2025, 19:00",Beşiktaş,Rizespor,1.44,4.33,6.25
"May 25, 2025, 19:00",Kayserispor,BB Bodrumspor,3.5,3.6,2
"May 25, 2025, 19:00",Konyaspor,Alanyaspor,3,3.4,2.2
"May 25, 2025, 19:00",Trabzonspor,Samsunspor,2.25,3.5,2.9
"May 25, 2025, 19:00",İstanbul Başakşehir,Adana Demirspor,1.08,10.92,16.16
"May 24, 2025, 19:00",Gazişehir Gaziantep,Kasımpaşa,2.7,3.65,2.44
"May 24, 2025, 19:00",Göztepe,Galatasaray,3.7,4.59,1.75
"May 24, 2025, 16:00",Eyüpspor,Antalyaspor,1.85,3.6,3.75
"May 18, 2025, 19:00",BB Bodrumspor,Trabzonspor,1.98,3.62,3.68
"May 18, 2025, 19:00",Galatasaray,Kayserispor,1.16,7.95,11.53
"May 18, 2025, 19:00",Rizespor,Göztepe,1.95,3.79,3.62
"May 18, 2025, 19:00",Samsunspor,Sivasspor,1.81,3.83,4.16
"May 18, 2025, 19:00",Antalyaspor,Gazişehir Gaziantep,2,3.33,3.99
"May 18, 2025, 19:00",Kasımpaşa,İstanbul Başakşehir,2.42,3.33,2.98
"May 18, 2025, 19:00",Alanyaspor,Beşiktaş,3.49,3.69,2.02
"May 18, 2025, 19:00",Fenerbahçe,Eyüpspor,1.22,7.01,10.24
"May 17, 2025, 19:00",Adana Demirspor,Hatayspor,3.19,4.34,1.9
"May 12, 2025, 20:00",Kayserispor,Antalyaspor,1.96,3.44,3.6
"May 11, 2025, 19:00",Beşiktaş,Adana Demirspor,1.11,10,19
"May 11, 2025, 19:00",Göztepe,Hatayspor,1.28,6,9
"May 11, 2025, 16:00",Sivasspor,BB Bodrumspor,2.25,3.3,3.2
"May 10, 2025, 19:00",Trabzonspor,Galatasaray,3.75,3.9,1.83
"May 10, 2025, 16:00",Konyaspor,Rizespor,2.1,3.4,3.4
"May 10, 2025, 16:00",Eyüpspor,Kasımpaşa,2.3,3.6,2.8
"May 9, 2025, 20:00",İstanbul Başakşehir,Fenerbahçe,4.2,3.78,1.78
"May 9, 2025, 20:00",Gazişehir Gaziantep,Alanyaspor,2.5,3.45,2.69
"May 5, 2025, 20:00",Kasımpaşa,Trabzonspor,2.64,3.63,2.45
"May 4, 2025, 19:00",Adana Demirspor,Göztepe,7.41,5.75,1.28
"May 4, 2025, 19:00",Fenerbahçe,Beşiktaş,1.53,4.2,5.25
"May 4, 2025, 16:00",Samsunspor,Eyüpspor,2.1,3.2,3.3
"May 3, 2025, 19:00",Galatasaray,Sivasspor,1.22,7,10
"May 3, 2025, 19:00",Hatayspor,İstanbul Başakşehir,5.72,4.55,1.48
"May 3, 2025, 16:00",Rizespor,Gazişehir Gaziantep,1.91,3.6,3.6
"May 3, 2025, 16:00",Alanyaspor,Kayserispor,2,3.4,3.4
"May 2, 2025, 20:00",Antalyaspor,Konyaspor,2.45,3.3,2.75
"Apr 28, 2025, 20:00",Göztepe,İstanbul Başakşehir,2.24,3.18,3.3
"Apr 27, 2025, 19:00",Kayserispor,Rizespor,2.3,2.92,3.51
"Apr 27, 2025, 19:00",Eyüpspor,Galatasaray,6.71,4.59,1.42
"Apr 27, 2025, 16:00",Konyaspor,Adana Demirspor,1.18,8,11
"Apr 27, 2025, 16:00",Trabzonspor,Alanyaspor,1.71,3.46,5.14
"Apr 26, 2025, 19:00",BB Bodrumspor,Samsunspor,2.5,3,3.03
"Apr 26, 2025, 19:00",Gazişehir Gaziantep,Fenerbahçe,7.68,5.12,1.34
"Apr 26, 2025, 16:00",Sivasspor,Antalyaspor,2.15,3.4,3.25
"Apr 25, 2025, 20:00",Beşiktaş,Hatayspor,1.18,7.19,11.4
"Apr 21, 2025, 20:00",Alanyaspor,Samsunspor,2.62,2.8,3.1
"Apr 20, 2025, 19:00",Fenerbahçe,Kayserispor,1.11,8.91,18.34
"Apr 20, 2025, 16:00",Rizespor,Eyüpspor,2.11,3.48,3.3
"Apr 20, 2025, 13:30",İstanbul Başakşehir,Gazişehir Gaziantep,1.66,3.86,4.86
"Apr 19, 2025, 19:00",Göztepe,Beşiktaş,2.63,3.42,2.68
"Apr 19, 2025, 16:00",Adana Demirspor,Trabzonspor,9.5,7,1.18
"Apr 19, 2025, 13:30",Kasımpaşa,Sivasspor,1.96,3.89,3.74
"Apr 18, 2025, 20:00",Galatasaray,BB Bodrumspor,1.23,6.32,13.03
"Apr 18, 2025, 20:00",Hatayspor,Konyaspor,4.28,4.24,1.76
"Apr 14, 2025, 20:00",Eyüpspor,Adana Demirspor,1.15,7.94,15.74
"Apr 13, 2025, 19:00",Sivasspor,Fenerbahçe,7.99,5.06,1.36
"Apr 13, 2025, 19:00",Trabzonspor,Rizespor,1.9,3.3,4
"Apr 13, 2025, 16:00",Kayserispor,Kasımpaşa,2.32,3.45,2.85
"Apr 13, 2025, 16:00",Gazişehir Gaziantep,Hatayspor,1.64,4.48,4.9
"Apr 12, 2025, 19:00",Beşiktaş,İstanbul Başakşehir,1.82,3.6,4.1
"Apr 12, 2025, 19:00",BB Bodrumspor,Antalyaspor,2.2,3.25,3.3
"Apr 12, 2025, 16:00",Konyaspor,Göztepe,2.75,3.2,2.56
"Apr 11, 2025, 20:00",Samsunspor,Galatasaray,4.5,3.8,1.7
"Apr 7, 2025, 20:00",Göztepe,Gazişehir Gaziantep,1.7,3.99,4.1
"Apr 7, 2025, 20:00",Kasımpaşa,Beşiktaş,3.15,3.32,2.18
"Apr 6, 2025, 19:00",Fenerbahçe,Trabzonspor,1.37,5,7.25
"Apr 6, 2025, 16:00",Hatayspor,Eyüpspor,3.4,3.3,2.1
"Apr 6, 2025, 13:30",Alanyaspor,BB Bodrumspor,2.2,3.2,3.38
"Apr 5, 2025, 19:00",Antalyaspor,Samsunspor,2.75,3.21,2.68
"Apr 5, 2025, 16:00",İstanbul Başakşehir,Konyaspor,1.85,3.31,4.45
"Apr 5, 2025, 13:30",Rizespor,Sivasspor,1.73,3.98,4.23
"Apr 4, 2025, 20:00",Adana Demirspor,Kayserispor,6.72,4.89,1.39
"Mar 31, 2025, 20:00",Eyüpspor,İstanbul Başakşehir,2.75,3.3,2.5
"Mar 29, 2025, 20:30",Beşiktaş,Galatasaray,2.87,3.7,2.25
"Mar 29, 2025, 16:00",Trabzonspor,Göztepe,2.1,3.6,3.2
"Mar 29, 2025, 16:00",Samsunspor,Kasımpaşa,2,3.5,3.5
"Mar 29, 2025, 13:30",Sivasspor,Adana Demirspor,1.5,4.5,5.75
"Mar 28, 2025, 20:30",Konyaspor,Gazişehir Gaziantep,2.1,3.4,3.3
"Mar 28, 2025, 20:30",BB Bodrumspor,Fenerbahçe,6.5,4.2,1.5
"Mar 28, 2025, 16:00",Antalyaspor,Alanyaspor,2.4,3.25,2.9
"Mar 28, 2025, 16:00",Kayserispor,Hatayspor,1.67,4,4.6
"Mar 16, 2025, 20:30",Fenerbahçe,Samsunspor,1.38,4.75,7
"Mar 16, 2025, 16:00",Göztepe,Eyüpspor,1.75,3.6,4.5
"Mar 16, 2025, 16:00",Hatayspor,Sivasspor,2.4,3.3,2.8
"Mar 16, 2025, 13:30",Rizespor,BB Bodrumspor,2,3,4.1
"Mar 15, 2025, 20:30",İstanbul Başakşehir,Trabzonspor,2.25,3.1,3.25
"Mar 15, 2025, 20:30",Konyaspor,Beşiktaş,3,3.5,2.25
"Mar 15, 2025, 16:00",Kasımpaşa,Alanyaspor,2.05,3.5,3.3
"Mar 15, 2025, 13:30",Gazişehir Gaziantep,Kayserispor,2.1,3.5,3.3
"Mar 14, 2025, 20:30",Galatasaray,Antalyaspor,1.27,5.8,9.25
"Mar 10, 2025, 20:30",Beşiktaş,Gazişehir Gaziantep,1.53,4.33,5
"Mar 9, 2025, 20:30",Alanyaspor,Galatasaray,4.55,4.2,1.64
"Mar 9, 2025, 16:00",Samsunspor,Adana Demirspor,1.25,5.75,9.5
"Mar 9, 2025, 16:00",Eyüpspor,Konyaspor,2.12,3.2,3.45
"Mar 9, 2025, 13:30",Sivasspor,Göztepe,3.7,3.3,2
"Mar 8, 2025, 20:30",Trabzonspor,Hatayspor,1.37,5,7
"Mar 8, 2025, 16:00",Antalyaspor,Rizespor,2.72,3.1,2.64
"Mar 8, 2025, 13:30",Kayserispor,İstanbul Başakşehir,2.8,3.3,2.45
"Mar 7, 2025, 20:30",BB Bodrumspor,Kasımpaşa,2.19,3.44,3.29
"Mar 3, 2025, 20:30",Göztepe,Samsunspor,2.03,3.31,3.75
"Mar 3, 2025, 20:30",İstanbul Başakşehir,Sivasspor,1.67,3.76,4.91
"Mar 3, 2025, 16:00",Gazişehir Gaziantep,Eyüpspor,2.37,3.4,2.89
"Mar 3, 2025, 16:00",Konyaspor,Trabzonspor,2.61,3.41,2.59
"Mar 2, 2025, 20:30",Fenerbahçe,Antalyaspor,1.21,6.93,10.75
"Mar 2, 2025, 16:00",Kasımpaşa,Galatasaray,4.52,4.19,1.57
"Mar 2, 2025, 13:30",Rizespor,Alanyaspor,1.98,3.36,3.82
"Mar 1, 2025, 20:30",Beşiktaş,Kayserispor,1.42,4.75,6.5
"Mar 1, 2025, 16:00",Adana Demirspor,BB Bodrumspor,4.45,3.85,1.75
"Feb 24, 2025, 20:00",Galatasaray,Fenerbahçe,2.37,3.8,2.62
"Feb 23, 2025, 19:00",Trabzonspor,Gazişehir Gaziantep,1.61,4.29,4.76
"Feb 23, 2025, 16:00",Alanyaspor,Adana Demirspor,1.29,5.62,9.12
"Feb 23, 2025, 13:30",Kayserispor,Göztepe,3.26,3.26,2.22
"Feb 22, 2025, 19:00",Samsunspor,Rizespor,1.98,3.45,3.6
"Feb 22, 2025, 16:00",Antalyaspor,Kasımpaşa,2.39,3.49,2.91
"Feb 22, 2025, 13:30",Sivasspor,Konyaspor,2.71,3.16,2.66
"Feb 21, 2025, 20:00",Eyüpspor,Beşiktaş,3.37,3.46,2.1
"Feb 21, 2025, 20:00",BB Bodrumspor,Hatayspor,1.75,3.55,4.6
"Feb 17, 2025, 20:00",Rizespor,Galatasaray,4.71,4.26,1.62
"Feb 16, 2025, 19:00",Fenerbahçe,Kasımpaşa,1.19,7.43,11.7
"Feb 16, 2025, 16:00",Eyüpspor,Kayserispor,1.66,3.99,4.72
"Feb 16, 2025, 16:00",Konyaspor,Samsunspor,2.55,3.26,2.74
"Feb 16, 2025, 13:30",Hatayspor,Alanyaspor,2.78,3.57,2.36
"Feb 15, 2025, 19:00",Beşiktaş,Trabzonspor,1.88,3.57,3.98
"Feb 15, 2025, 16:00",İstanbul Başakşehir,BB Bodrumspor,1.74,3.58,4.74
"Feb 15, 2025, 13:30",Gazişehir Gaziantep,Sivasspor,2.03,3.58,3.44
"Feb 14, 2025, 20:00",Adana Demirspor,Antalyaspor,3.43,3.34,2.12
"Feb 10, 2025, 20:00",Trabzonspor,Eyüpspor,1.74,4.07,4.05
"Feb 10, 2025, 20:00",BB Bodrumspor,Göztepe,3.21,3.41,2.18
"Feb 9, 2025, 19:00",Antalyaspor,İstanbul Başakşehir,2.91,3.58,2.27
"Feb 9, 2025, 19:00",Galatasaray,Adana Demirspor,1.07,13.45,20.37
"Feb 9, 2025, 16:00",Alanyaspor,Fenerbahçe,6.56,4.63,1.45
"Feb 9, 2025, 13:30",Kasımpaşa,Rizespor,2.27,3.53,3.07
"Feb 8, 2025, 19:00",Sivasspor,Beşiktaş,4.01,3.82,1.81
"Feb 8, 2025, 16:00",Kayserispor,Konyaspor,2.69,3.34,2.55
"Feb 7, 2025, 20:00",Samsunspor,Hatayspor,1.45,4.5,6.53
"Feb 3, 2025, 20:00",Gazişehir Gaziantep,Galatasaray,7.54,4.94,1.36
"Feb 2, 2025, 19:00",Fenerbahçe,Rizespor,1.29,5.66,8.78
"Feb 2, 2025, 16:00",Göztepe,Alanyaspor,1.72,3.82,4.51
"Feb 2, 2025, 13:30",Adana Demirspor,Kasımpaşa,3.82,4.01,1.81
"Feb 1, 2025, 19:00",İstanbul Başakşehir,Samsunspor,2.18,3.36,3.26
"Feb 1, 2025, 16:00",Kayserispor,Trabzonspor,4.01,3.82,1.81
"Feb 1, 2025, 13:30",Hatayspor,Antalyaspor,2.15,3.4,3.2
"Jan 31, 2025, 20:00",Eyüpspor,Sivasspor,1.81,3.59,4.29
"Jan 31, 2025, 20:00",Konyaspor,BB Bodrumspor,2.13,3.27,3.46
"Jan 27, 2025, 20:00",Kasımpaşa,Hatayspor,1.72,4,4.5
"Jan 26, 2025, 19:00",Fenerbahçe,Göztepe,1.35,5.14,7.76
"Jan 26, 2025, 16:00",Antalyaspor,Beşiktaş,3.83,3.83,1.84
"Jan 26, 2025, 16:00",BB Bodrumspor,Eyüpspor,2.69,3.26,2.6
"Jan 26, 2025, 13:30",Rizespor,Adana Demirspor,1.29,5.62,9.12
"Jan 25, 2025, 19:00",Galatasaray,Konyaspor,1.16,7.82,13.19
"Jan 25, 2025, 16:00",Alanyaspor,İstanbul Başakşehir,2.6,3.07,2.83
"Jan 25, 2025, 13:30",Sivasspor,Kayserispor,2.22,3.26,3.26
"Jan 24, 2025, 20:00",Samsunspor,Gazişehir Gaziantep,1.64,4.11,4.72
"Jan 20, 2025, 20:00",Trabzonspor,Sivasspor,1.48,4.49,6.06
"Jan 19, 2025, 19:00",Eyüpspor,Alanyaspor,2.12,3.34,3.43
"Jan 19, 2025, 19:00",Adana Demirspor,Fenerbahçe,16.52,9.18,1.12
"Jan 19, 2025, 16:00",Konyaspor,Kasımpaşa,2.16,3.42,3.24
"Jan 19, 2025, 13:30",Göztepe,Antalyaspor,1.59,4.11,5.17
"Jan 18, 2025, 19:00",Beşiktaş,Samsunspor,2.07,3.57,3.33
"Jan 18, 2025, 16:00",Gazişehir Gaziantep,BB Bodrumspor,2.13,3.27,3.46
"Jan 18, 2025, 13:30",İstanbul Başakşehir,Rizespor,2.17,3.56,3.23
"Jan 17, 2025, 20:00",Hatayspor,Galatasaray,8.41,5.98,1.29
"Jan 13, 2025, 20:00",Konyaspor,Fenerbahçe,5.95,4.56,1.5
"Jan 13, 2025, 20:00",Göztepe,Kasımpaşa,1.95,3.66,3.76
"Jan 12, 2025, 19:00",İstanbul Başakşehir,Galatasaray,4.75,4.52,1.58
"Jan 12, 2025, 19:00",Gazişehir Gaziantep,Adana Demirspor,1.48,4.49,6.06
"Jan 12, 2025, 16:00",Trabzonspor,Antalyaspor,1.62,4.26,4.71
"Jan 12, 2025, 13:30",Sivasspor,Alanyaspor,2.85,3.38,2.49
"Jan 11, 2025, 19:00",Beşiktaş,BB Bodrumspor,1.48,4.49,6.06
"Jan 11, 2025, 16:00",Hatayspor,Rizespor,2.96,3.43,2.3
"Jan 11, 2025, 13:30",Kayserispor,Samsunspor,3.11,3.44,2.22
"Jan 5, 2025, 19:00",Fenerbahçe,Hatayspor,1.09,10.92,21.26
"Jan 5, 2025, 16:00",BB Bodrumspor,Kayserispor,2.15,3.25,3.3
"Jan 5, 2025, 13:30",Kasımpaşa,Gazişehir Gaziantep,1.7,3.9,4.33
"Jan 4, 2025, 20:00",Samsunspor,Trabzonspor,2.03,3.58,3.44
"Jan 4, 2025, 19:00",Galatasaray,Göztepe,1.29,5.66,8.78
"Jan 4, 2025, 16:00",Antalyaspor,Eyüpspor,2.54,3.43,2.64
"Jan 4, 2025, 13:30",Adana Demirspor,İstanbul Başakşehir,4.26,3.8,1.77
"Jan 3, 2025, 20:00",Rizespor,Beşiktaş,2.69,3.43,2.5
"Jan 3, 2025, 20:00",Alanyaspor,Konyaspor,1.98,3.36,3.82
"Dec 23, 2024, 20:00",Hatayspor,Adana Demirspor,1.63,4.14,4.76
"Dec 23, 2024, 20:00",İstanbul Başakşehir,Kasımpaşa,2.07,3.57,3.33
"Dec 22, 2024, 19:00",Trabzonspor,BB Bodrumspor,1.59,4.11,5.17
"Dec 22, 2024, 16:00",Kayserispor,Galatasaray,7.03,5.67,1.34
"Dec 22, 2024, 16:00",Göztepe,Rizespor,2.08,3.6,3.27
"Dec 22, 2024, 13:30",Gazişehir Gaziantep,Antalyaspor,2.03,3.44,3.58
"Dec 21, 2024, 19:00",Beşiktaş,Alanyaspor,1.59,4.11,5.17
"Dec 21, 2024, 16:00",Sivasspor,Samsunspor,3.44,3.44,2.07
"Dec 20, 2024, 20:00",Eyüpspor,Fenerbahçe,5.16,4.48,1.55
"Dec 16, 2024, 21:00",Galatasaray,Trabzonspor,1.33,5.84,7.48
"Dec 16, 2024, 19:00",Adana Demirspor,Beşiktaş,7.57,5.19,1.34
"Dec 15, 2024, 19:00",Fenerbahçe,İstanbul Başakşehir,1.32,5.2,8.75
"Dec 15, 2024, 16:00",Antalyaspor,Kayserispor,2.07,3.44,3.44
"Dec 15, 2024, 13:30",Hatayspor,Göztepe,3.01,3.45,2.34
"Dec 14, 2024, 19:00",Alanyaspor,Gazişehir Gaziantep,1.98,3.58,3.58
"Dec 14, 2024, 16:00",Rizespor,Konyaspor,2.46,3.64,2.61
"Dec 13, 2024, 20:00",BB Bodrumspor,Sivasspor,2.18,3.26,3.36
"Dec 13, 2024, 20:00",Kasımpaşa,Eyüpspor,2.13,3.59,3.17
"Dec 9, 2024, 20:00",Gazişehir Gaziantep,Rizespor,2.54,3.26,2.67
"Dec 8, 2024, 19:00",İstanbul Başakşehir,Hatayspor,1.77,3.59,4.52
"Dec 8, 2024, 16:00",Sivasspor,Galatasaray,7.91,5.21,1.34
"Dec 8, 2024, 16:00",Kayserispor,Alanyaspor,2.36,3.43,2.87
"Dec 8, 2024, 13:30",Eyüpspor,Samsunspor,2.64,3.34,2.59
"Dec 7, 2024, 19:00",Beşiktaş,Fenerbahçe,3.61,3.85,1.9
"Dec 7, 2024, 16:00",Göztepe,Adana Demirspor,1.29,5.21,10.09
"Dec 7, 2024, 13:30",Konyaspor,Antalyaspor,2.07,3.33,3.57
"Dec 6, 2024, 20:00",Trabzonspor,Kasımpaşa,2.08,3.6,3.27
"Dec 2, 2024, 20:00",Hatayspor,Beşiktaş,4.1,3.7,1.81
"Dec 2, 2024, 20:00",Fenerbahçe,Gazişehir Gaziantep,1.23,6.4,10
"Dec 1, 2024, 19:00",Galatasaray,Eyüpspor,1.25,6.2,9
"Dec 1, 2024, 16:00",Rizespor,Kayserispor,1.8,3.7,4.1
"Nov 30, 2024, 19:00",İstanbul Başakşehir,Göztepe,2.19,3.3,3.2
"Nov 30, 2024, 19:00",Alanyaspor,Trabzonspor,2.55,3.3,2.8
"Nov 30, 2024, 16:00",Adana Demirspor,Konyaspor,3.45,3.6,1.99
"Nov 30, 2024, 13:30",Samsunspor,BB Bodrumspor,1.68,3.6,5
"Nov 29, 2024, 20:00",Antalyaspor,Sivasspor,2.01,3.5,3.4
"Nov 25, 2024, 20:00",Trabzonspor,Adana Demirspor,1.4,4.75,6
"Nov 24, 2024, 19:00",Beşiktaş,Göztepe,1.5,4.02,5.3
"Nov 24, 2024, 16:00",Konyaspor,Hatayspor,1.98,3.35,3.6
"Nov 24, 2024, 16:00",Samsunspor,Alanyaspor,1.74,3.6,4.4
"Nov 24, 2024, 13:30",Sivasspor,Kasımpaşa,2.61,3.45,2.46
"Nov 23, 2024, 19:00",BB Bodrumspor,Galatasaray,7.11,2.19,1.94
"Nov 23, 2024, 16:00",Kayserispor,Fenerbahçe,2.86,3.26,2.21
"Nov 23, 2024, 16:00",Gazişehir Gaziantep,İstanbul Başakşehir,2.3,3.64,2.51
"Nov 23, 2024, 13:30",Eyüpspor,Rizespor,1.91,3.4,3.4
"Nov 10, 2024, 19:00",İstanbul Başakşehir,Beşiktaş,3.1,3.3,2.3
"Nov 10, 2024, 19:00",Fenerbahçe,Sivasspor,1.2,7,11
"Nov 10, 2024, 16:00",Galatasaray,Samsunspor,1.44,4.99,6.51
"Nov 10, 2024, 13:30",Göztepe,Konyaspor,1.32,5.06,6.45
"Nov 9, 2024, 19:00",Rizespor,Trabzonspor,2.75,3.66,2.57
"Nov 9, 2024, 19:00",Adana Demirspor,Eyüpspor,3.35,3.85,2.14
"Nov 9, 2024, 16:00",Hatayspor,Gazişehir Gaziantep,2.25,3.25,3.1
"Nov 9, 2024, 13:30",Antalyaspor,BB Bodrumspor,2.4,3,3
"Nov 8, 2024, 20:00",Kasımpaşa,Kayserispor,2.34,3.69,2.44
"Nov 4, 2024, 20:00",Samsunspor,Antalyaspor,1.63,3.88,5.13
"Nov 3, 2024, 19:00",Trabzonspor,Fenerbahçe,4.32,3.99,1.84
"Nov 3, 2024, 16:00",Eyüpspor,Hatayspor,1.72,3.7,4.5
"Nov 3, 2024, 16:00",BB Bodrumspor,Alanyaspor,2.35,3.25,2.9
"Nov 3, 2024, 13:30",Konyaspor,İstanbul Başakşehir,2.5,3.1,2.8
"Nov 2, 2024, 19:00",Beşiktaş,Kasımpaşa,1.61,4.15,4.62
"Nov 2, 2024, 16:00",Kayserispor,Adana Demirspor,1.77,3.9,3.85
"Nov 2, 2024, 13:30",Sivasspor,Rizespor,2.44,3.2,2.79
"Jan 1, 2024, 20:00",Gazişehir Gaziantep,Göztepe,2.5,3.1,2.5
"Oct 28, 2024, 20:00",Galatasaray,Beşiktaş,2.38,2.11,4.63
"Oct 28, 2024, 17:00",İstanbul Başakşehir,Eyüpspor,2.05,3.5,3.5
"Oct 27, 2024, 19:00",Fenerbahçe,BB Bodrumspor,1.23,6.3,12.37
"Oct 27, 2024, 16:00",Alanyaspor,Antalyaspor,1.88,3.68,3.98
"Oct 27, 2024, 13:30",Gazişehir Gaziantep,Konyaspor,2.64,3.18,2.78
"Oct 26, 2024, 19:00",Göztepe,Trabzonspor,2.43,3.23,2.84
"Oct 26, 2024, 16:00",Kasımpaşa,Samsunspor,2.55,3.3,2.6
"Oct 26, 2024, 13:30",Hatayspor,Kayserispor,2.05,3.5,3.4
"Oct 25, 2024, 20:00",Adana Demirspor,Sivasspor,3.11,3.57,2.17
"Oct 21, 2024, 20:00",BB Bodrumspor,Rizespor,2.32,3.15,3
"Oct 20, 2024, 19:00",Alanyaspor,Kasımpaşa,2.05,3.4,3
"Oct 20, 2024, 19:00",Samsunspor,Fenerbahçe,4,3.4,1.73
"Oct 20, 2024, 16:00",Beşiktaş,Konyaspor,1.42,4.64,7.4
"Oct 20, 2024, 13:30",Sivasspor,Hatayspor,2.03,3.48,3.68
"Oct 19, 2024, 19:00",Antalyaspor,Galatasaray,5.5,4.5,1.5
"Oct 19, 2024, 19:00",Eyüpspor,Göztepe,2.05,3.45,3.45
"Oct 19, 2024, 16:00",Trabzonspor,İstanbul Başakşehir,2.05,3.22,3.3
"Oct 19, 2024, 13:30",Kayserispor,Gazişehir Gaziantep,2.11,3.35,3.04
"Oct 6, 2024, 19:00",Gazişehir Gaziantep,Beşiktaş,4.6,3.7,1.64
"Oct 6, 2024, 19:00",Galatasaray,Alanyaspor,1.32,5.1,7
"Oct 6, 2024, 16:00",Adana Demirspor,Samsunspor,3.8,3.5,1.91
"Oct 6, 2024, 13:30",Konyaspor,Eyüpspor,2.15,3.25,3.3
"Oct 5, 2024, 19:00",İstanbul Başakşehir,Kayserispor,1.63,4.12,4.88
"Oct 5, 2024, 19:00",Hatayspor,Trabzonspor,3.42,3.22,2.19
"Oct 5, 2024, 16:00",Göztepe,Sivasspor,1.75,3.7,4.4
"Oct 5, 2024, 13:30",Kasımpaşa,BB Bodrumspor,1.91,3.6,3.7
"Oct 4, 2024, 20:00",Rizespor,Antalyaspor,1.92,3.7,3.5
"Sep 30, 2024, 20:00",Kayserispor,Beşiktaş,4.33,4,1.68
"Sep 29, 2024, 19:00",Antalyaspor,Fenerbahçe,6.75,4.6,1.37
"Sep 29, 2024, 19:00",BB Bodrumspor,Adana Demirspor,1.78,3.55,3.9
"Sep 29, 2024, 16:00",Trabzonspor,Konyaspor,1.8,3.3,3.75
"Sep 29, 2024, 16:00",Eyüpspor,Gazişehir Gaziantep,1.83,3.4,3.6
"Sep 28, 2024, 19:00",Alanyaspor,Rizespor,2.04,3.2,3.35
"Sep 28, 2024, 19:00",Galatasaray,Kasımpaşa,1.26,5.75,8
"Sep 28, 2024, 16:00",Samsunspor,Göztepe,2,3.4,3.82
"Sep 27, 2024, 20:00",Sivasspor,İstanbul Başakşehir,2.64,3.47,2.79
"Sep 23, 2024, 20:00",Gazişehir Gaziantep,Trabzonspor,3.05,3.5,2.17
"Sep 23, 2024, 20:00",Göztepe,Kayserispor,1.9,3.5,3.75
"Sep 22, 2024, 20:00",Adana Demirspor,Alanyaspor,2.75,3.55,2.3
"Sep 22, 2024, 20:00",Beşiktaş,Eyüpspor,1.44,4.6,6.1
"Sep 22, 2024, 17:00",Rizespor,Samsunspor,2.4,3.4,2.75
"Sep 22, 2024, 17:00",Kasımpaşa,Antalyaspor,1.68,4,4.33
"Sep 21, 2024, 20:00",Fenerbahçe,Galatasaray,2.1,3.4,3.1
"Sep 21, 2024, 17:00",Konyaspor,Sivasspor,2.1,3.25,3.5
"Sep 20, 2024, 20:00",Hatayspor,BB Bodrumspor,2.38,3.35,2.8
"Sep 19, 2024, 20:00",Trabzonspor,Kayserispor,1.57,4.1,4.6
"Sep 18, 2024, 20:00",Samsunspor,İstanbul Başakşehir,2.38,3.1,2.88
"Sep 17, 2024, 20:00",Galatasaray,Gazişehir Gaziantep,1.31,6.13,10.1
"Sep 16, 2024, 20:00",Antalyaspor,Adana Demirspor,1.87,3.31,3.4
"Sep 15, 2024, 20:00",Alanyaspor,Hatayspor,1.76,3.75,4.34
"Sep 15, 2024, 20:00",Trabzonspor,Beşiktaş,3.34,3.45,2.1
"Sep 15, 2024, 17:00",Kasımpaşa,Fenerbahçe,5.5,4.3,1.5
"Sep 15, 2024, 17:00",Kayserispor,Eyüpspor,2.56,3.3,2.58
"Sep 14, 2024, 20:00",Galatasaray,Rizespor,1.2,6.5,10
"Sep 14, 2024, 20:00",BB Bodrumspor,İstanbul Başakşehir,3,3.1,2.3
"Sep 14, 2024, 17:00",Sivasspor,Gazişehir Gaziantep,2.2,3.35,3.3
"Sep 14, 2024, 17:00",Samsunspor,Konyaspor,1.83,3.5,4.5
"Sep 1, 2024, 21:45",Hatayspor,Samsunspor,2.6,3.3,2.6
"Sep 1, 2024, 21:45",Beşiktaş,Sivasspor,1.5,4.4,6
"Sep 1, 2024, 19:15",İstanbul Başakşehir,Antalyaspor,1.62,4,5
"Sep 1, 2024, 19:15",Eyüpspor,Trabzonspor,2.3,3.6,2.8
"Aug 31, 2024, 21:45",Göztepe,BB Bodrumspor,2.05,3.1,3.5
"Aug 31, 2024, 21:45",Adana Demirspor,Galatasaray,6.5,5.25,1.33
"Aug 31, 2024, 19:15",Rizespor,Kasımpaşa,2.15,3.3,3.2
"Aug 31, 2024, 19:15",Konyaspor,Kayserispor,1.8,3.5,4
"Aug 30, 2024, 21:00",Fenerbahçe,Alanyaspor,1.3,5.75,9.5
"Aug 25, 2024, 21:45",Antalyaspor,Hatayspor,2.25,3.4,2.95
"Aug 25, 2024, 21:45",Rizespor,Fenerbahçe,4.6,4.2,1.63
"Aug 25, 2024, 19:15",Kasımpaşa,Adana Demirspor,1.73,4.1,4
"Aug 24, 2024, 21:45",BB Bodrumspor,Konyaspor,2.77,3.3,2.41
"Aug 24, 2024, 19:15",Sivasspor,Eyüpspor,2.26,3.35,2.96
"Aug 23, 2024, 21:00",Alanyaspor,Göztepe,1.99,3.62,3.58
"Aug 19, 2024, 21:00",Eyüpspor,BB Bodrumspor,2,3.3,3.75
"Aug 19, 2024, 21:00",Hatayspor,Kasımpaşa,2.35,3.5,2.8
"Aug 18, 2024, 21:45",Gazişehir Gaziantep,Samsunspor,2.11,3.21,2.91
"Aug 18, 2024, 21:45",Beşiktaş,Antalyaspor,1.6,4,4.86
"Aug 18, 2024, 19:15",İstanbul Başakşehir,Alanyaspor,1.82,3.43,3.47
"Aug 17, 2024, 21:45",Göztepe,Fenerbahçe,8.35,1.77,2.34
"Aug 17, 2024, 21:45",Adana Demirspor,Rizespor,2.05,3.5,2.87
"Aug 17, 2024, 19:15",Kayserispor,Sivasspor,2,3.3,3.2
"Aug 16, 2024, 21:00",Konyaspor,Galatasaray,6.25,4.4,1.5
"Aug 12, 2024, 21:00",Rizespor,İstanbul Başakşehir,3,3.3,2.25
"Aug 12, 2024, 21:00",BB Bodrumspor,Gazişehir Gaziantep,2.38,3.4,2.94
"Aug 11, 2024, 21:45",Alanyaspor,Eyüpspor,1.93,3.6,3.77
"Aug 11, 2024, 21:45",Samsunspor,Beşiktaş,3.92,3.73,1.86
"Aug 11, 2024, 19:15",Sivasspor,Trabzonspor,2.94,3.48,2.31
"Aug 10, 2024, 21:45",Antalyaspor,Göztepe,1.85,3.79,3.83
"Aug 10, 2024, 21:45",Fenerbahçe,Adana Demirspor,1.1,10.55,16.31
"Aug 10, 2024, 19:15",Kasımpaşa,Konyaspor,2.12,3.38,3.41
"Aug 9, 2024, 21:00",Galatasaray,Hatayspor,1.22,6.63,9.93
,,,,,
Tarih,Ev Sahibi Takım,Deplasman Takımı,Ev Galibiyeti Oranı,Beraberlik Oranı,Deplasman Galibiyeti Oranı
"Nov 24, 2025, 20:00",Konyaspor,Antalyaspor,1.84,3.6,4.5
"Nov 23, 2025, 20:00",Rizespor,Fenerbahçe,5,4.2,1.6
"Nov 23, 2025, 17:00",Alanyaspor,Kasımpaşa,1.98,3.65,4
"Nov 23, 2025, 17:00",Beşiktaş,Samsunspor,1.95,3.7,3.8
"Nov 23, 2025, 14:30",Göztepe,Kocaelispor,1.97,3.35,4.25
"Nov 22, 2025, 20:00",Galatasaray,Gençlerbirliği,1.15,8,16.55
"Nov 22, 2025, 17:00",Eyüpspor,Fatih Karagümrük,2.1,3.5,3.55
"Nov 22, 2025, 14:30",Kayserispor,Gazişehir Gaziantep,2.56,3.55,2.55
"Nov 9, 2025, 20:00",Fenerbahçe,Kayserispor,1.18,7.1,13
"Nov 9, 2025, 20:00",Samsunspor,Eyüpspor,1.75,3.5,4.4
"Nov 9, 2025, 17:00",Kocaelispor,Galatasaray,7,5,1.38
"Nov 9, 2025, 14:30",Fatih Karagümrük,Konyaspor,2.9,3.5,2.2
"Nov 8, 2025, 20:00",Kasımpaşa,Göztepe,3.45,3.35,2.15
"Nov 8, 2025, 20:00",Antalyaspor,Beşiktaş,4.71,4.18,1.67
"Nov 8, 2025, 17:00",Trabzonspor,Alanyaspor,1.7,4,4.6
"Nov 8, 2025, 14:30",Gazişehir Gaziantep,Rizespor,2.15,3.3,3.1
"Nov 7, 2025, 20:00",Gençlerbirliği,İstanbul Başakşehir,3.15,3.33,2.35
"Nov 3, 2025, 20:00",Alanyaspor,Gazişehir Gaziantep,2,3.6,3.7
"Nov 3, 2025, 20:00",Eyüpspor,Antalyaspor,1.82,3.5,4.05
"Nov 3, 2025, 20:00",Rizespor,Fatih Karagümrük,1.73,3.8,4.25
"Nov 2, 2025, 20:00",Beşiktaş,Fenerbahçe,3.05,3.6,2.15
"Nov 2, 2025, 17:00",Kayserispor,Kasımpaşa,2.29,3.55,2.8
"Nov 2, 2025, 14:30",Konyaspor,Samsunspor,2.45,3.4,2.89
"Nov 1, 2025, 20:00",Galatasaray,Trabzonspor,1.42,5.05,6.8
"Nov 1, 2025, 17:00",Göztepe,Gençlerbirliği,1.42,4.16,6
"Oct 31, 2025, 20:00",İstanbul Başakşehir,Kocaelispor,1.78,3.5,4.4
"Oct 27, 2025, 20:00",Samsunspor,Rizespor,1.88,3.4,4.17
"Oct 27, 2025, 20:00",Gazişehir Gaziantep,Fenerbahçe,4.75,4,1.67
"Oct 26, 2025, 20:00",Kasımpaşa,Beşiktaş,4.2,3.6,1.75
"Oct 26, 2025, 17:00",Galatasaray,Göztepe,1.4,4.4,7
"Oct 26, 2025, 17:00",Gençlerbirliği,Konyaspor,3.2,3.2,2.28
"Oct 26, 2025, 14:30",Antalyaspor,İstanbul Başakşehir,3,3.4,2.3
"Oct 25, 2025, 20:00",Trabzonspor,Eyüpspor,1.61,4,5.45
"Oct 25, 2025, 17:00",Kocaelispor,Alanyaspor,2.45,3.2,2.74
"Oct 24, 2025, 20:00",Fatih Karagümrük,Kayserispor,2.15,3.59,3.31
"Oct 22, 2025, 20:00",Konyaspor,Beşiktaş,3.1,3.57,2.15
"Oct 22, 2025, 20:00",Rizespor,İstanbul Başakşehir,2.3,3.43,2.71
"Oct 20, 2025, 20:00",Eyüpspor,Kasımpaşa,2.3,3.25,2.8
"Oct 19, 2025, 20:00",Fenerbahçe,Fatih Karagümrük,1.25,6.6,11.5
"Oct 19, 2025, 17:00",Gazişehir Gaziantep,Antalyaspor,1.83,3.6,4.6
"Oct 19, 2025, 17:00",Alanyaspor,Göztepe,2.7,3.1,2.7
"Oct 19, 2025, 14:30",Kayserispor,Samsunspor,2.95,3.5,2.2
"Oct 18, 2025, 20:00",İstanbul Başakşehir,Galatasaray,4.66,4.2,1.62
"Oct 18, 2025, 17:00",Beşiktaş,Gençlerbirliği,1.23,6.69,10.5
"Oct 18, 2025, 17:00",Rizespor,Trabzonspor,3.07,3.48,2.25
"Oct 18, 2025, 14:30",Konyaspor,Kocaelispor,1.95,3.51,4.06
"Oct 5, 2025, 20:00",Göztepe,İstanbul Başakşehir,1.83,3.45,4.33
"Oct 5, 2025, 20:00",Samsunspor,Fenerbahçe,5,4.12,1.62
"Oct 5, 2025, 17:00",Fatih Karagümrük,Gazişehir Gaziantep,2.75,3.3,2.59
"Oct 5, 2025, 14:30",Kasımpaşa,Konyaspor,2.61,3.3,2.6
"Oct 4, 2025, 20:00",Galatasaray,Beşiktaş,1.5,4.35,4.72
"Oct 4, 2025, 17:00",Kocaelispor,Eyüpspor,2.14,3.4,3.2
"Oct 4, 2025, 14:30",Gençlerbirliği,Alanyaspor,3.1,3.34,2.25
"Oct 3, 2025, 20:00",Antalyaspor,Rizespor,2.9,3.35,2.45
"Oct 3, 2025, 20:00",Trabzonspor,Kayserispor,1.5,4.2,5.7
"Sep 29, 2025, 20:00",Beşiktaş,Kocaelispor,1.39,4.8,7
"Sep 28, 2025, 20:00",Fenerbahçe,Antalyaspor,1.22,6.54,12.28
"Sep 28, 2025, 20:00",Kayserispor,Gençlerbirliği,2.19,3.45,3.3
"Sep 28, 2025, 17:00",Konyaspor,İstanbul Başakşehir,2.15,3,3.15
"Sep 28, 2025, 17:00",Rizespor,Kasımpaşa,2.02,3.64,3.4
"Sep 27, 2025, 20:00",Fatih Karagümrük,Trabzonspor,3.85,3.55,1.97
"Sep 27, 2025, 17:00",Eyüpspor,Göztepe,3.3,3.3,2.1
"Sep 27, 2025, 17:00",Gazişehir Gaziantep,Samsunspor,2.34,3.47,2.7
"Sep 26, 2025, 20:00",Alanyaspor,Galatasaray,7,4.76,1.45
"Sep 24, 2025, 20:00",Kayserispor,Beşiktaş,4.3,3.79,1.92
"Sep 22, 2025, 20:00",Galatasaray,Konyaspor,1.23,7,11
"Sep 21, 2025, 20:00",Kasımpaşa,Fenerbahçe,6.6,4.5,1.41
"Sep 21, 2025, 20:00",Samsunspor,Fatih Karagümrük,1.6,3.8,4.7
"Sep 21, 2025, 17:00",İstanbul Başakşehir,Alanyaspor,1.97,3.62,3.9
"Sep 21, 2025, 17:00",Kocaelispor,Rizespor,2.7,3.4,2.5
"Sep 20, 2025, 20:00",Trabzonspor,Gazişehir Gaziantep,1.73,3.5,4.6
"Sep 20, 2025, 20:00",Antalyaspor,Kayserispor,2.12,3.25,3
"Sep 20, 2025, 17:00",Gençlerbirliği,Eyüpspor,2.45,3.3,3.13
"Sep 19, 2025, 20:00",Göztepe,Beşiktaş,2.1,3.25,3.13
"Sep 17, 2025, 20:00",Fatih Karagümrük,İstanbul Başakşehir,3.79,3.55,1.95
"Sep 17, 2025, 20:00",Fenerbahçe,Alanyaspor,1.28,6,10
"Sep 17, 2025, 20:00",Samsunspor,Kasımpaşa,1.77,3.8,4
"Sep 15, 2025, 20:00",Rizespor,Gençlerbirliği,1.72,3.82,0
"Sep 14, 2025, 19:00",Fenerbahçe,Trabzonspor,1.45,4.6,6.5
"Sep 14, 2025, 19:00",Gazişehir Gaziantep,Kocaelispor,2.1,3.3,3.5
"Sep 14, 2025, 17:00",Kayserispor,Göztepe,3.5,3.43,2.05
"Sep 13, 2025, 20:00",Beşiktaş,İstanbul Başakşehir,1.5,3.85,4.1
"Sep 13, 2025, 20:00",Konyaspor,Alanyaspor,2.06,3.5,3.52
"Sep 13, 2025, 17:00",Eyüpspor,Galatasaray,7.5,5.25,1.37
"Sep 13, 2025, 17:00",Samsunspor,Antalyaspor,1.6,3.5,5.25
"Sep 13, 2025, 17:00",Fatih Karagümrük,Kasımpaşa,2.85,3.35,2.45
"Aug 31, 2025, 21:30",Alanyaspor,Beşiktaş,3.5,3.6,2.09
"Aug 31, 2025, 21:30",Trabzonspor,Samsunspor,1.76,3.97,4.5
"Aug 31, 2025, 19:00",İstanbul Başakşehir,Eyüpspor,2.01,3.45,3.4
"Aug 31, 2025, 19:00",Gençlerbirliği,Fenerbahçe,6.75,4.9,1.34
"Aug 30, 2025, 21:30",Antalyaspor,Fatih Karagümrük,1.75,3.4,4.33
"Aug 30, 2025, 21:30",Galatasaray,Rizespor,1.2,6.9,12
"Aug 30, 2025, 19:00",Kasımpaşa,Gazişehir Gaziantep,2.14,3.6,3.25
"Aug 30, 2025, 19:00",Kocaelispor,Kayserispor,2.11,3.4,3.1
"Aug 29, 2025, 21:30",Göztepe,Konyaspor,1.87,3.55,4.47
"Aug 25, 2025, 19:00",Eyüpspor,Alanyaspor,2.47,3.3,2.67
"Aug 24, 2025, 21:30",Kayserispor,Galatasaray,6,5,1.36
"Aug 24, 2025, 19:00",Trabzonspor,Antalyaspor,1.59,4.33,5.6
"Aug 23, 2025, 21:30",Gazişehir Gaziantep,Gençlerbirliği,2.22,3.35,3.3
"Aug 23, 2025, 21:30",Fenerbahçe,Kocaelispor,1.26,5.5,10
"Aug 22, 2025, 21:30",Fatih Karagümrük,Göztepe,4.07,3.3,1.87
"Aug 18, 2025, 21:30",Kasımpaşa,Trabzonspor,3.02,3.48,2.43
"Aug 17, 2025, 21:30",İstanbul Başakşehir,Kayserispor,1.84,3.7,4.13
"Aug 17, 2025, 21:30",Beşiktaş,Eyüpspor,1.48,4.73,5.64
"Aug 17, 2025, 19:00",Gençlerbirliği,Antalyaspor,2.68,3.18,2.87
"Aug 17, 2025, 19:00",Konyaspor,Gazişehir Gaziantep,1.83,3.7,4.13
"Aug 16, 2025, 21:30",Alanyaspor,Rizespor,2.43,3.43,3.01
"Aug 16, 2025, 21:30",Göztepe,Fenerbahçe,4,3.85,1.98
"Aug 16, 2025, 19:00",Kocaelispor,Samsunspor,2.5,3.25,2.75
"Aug 15, 2025, 21:30",Galatasaray,Fatih Karagümrük,1.07,7.75,16
"Aug 11, 2025, 21:30",Trabzonspor,Kocaelispor,1.46,4,6.32
"Aug 10, 2025, 21:30",Eyüpspor,Konyaspor,2.4,3.11,3.06
"Aug 10, 2025, 19:00",Rizespor,Göztepe,2.03,3.44,3.4
"Aug 9, 2025, 21:30",Antalyaspor,Kasımpaşa,2.7,3.5,2.37
"Aug 9, 2025, 19:00",Samsunspor,Gençlerbirliği,1.7,3.75,4.5
"Aug 8, 2025, 21:30",Gazişehir Gaziantep,Galatasaray,7.1,4.8,1.43