Scores & Fixtures 2021-2022 Süper Lig,,,,,
,,,,,
Wk,Date,Home,Score,Away,Referee
1,2021-08-13,Beşiktaş,3–0,Rizespor,Zorbay Küçük
1,2021-08-14,Fatih Karagümrük,3–2,Gaziantep FK,Cüneyt Çakιr
1,2021-08-14,Altay,3–0,Kayserispor,Suat Arslanboga
1,2021-08-14,Hatayspor,1–1,Kasımpaşa,Arda Kardeşler
1,2021-08-15,Başakşehir,0–1,Alanyaspor,Yaşar Kemal Uğurlu
1,2021-08-15,Adana Demirspor,0–1,Fenerbahçe,Ali Şansalan
1,2021-08-15,Antalyaspor,1–1,Göztepe,Yasin Kol
1,2021-08-16,Yeni Mal'spor,1–5,Trabzonspor,Atilla Karaoğlan
1,2021-08-16,Sivasspor,0–1,Konyaspor,Fırat Aydınus
1,2021-08-16,Giresunspor,0–2,Galatasaray,Erkan Özdamar
,,,,,
2,2021-08-20,Kayserispor,1–1,Adana Demirspor,Tugay Kaan Numanoğlu
2,2021-08-21,Rizespor,0–0,Fatih Karagümrük,Volkan Bayarslan
2,2021-08-21,Kasımpaşa,2–0,Giresunspor,Ali Palabıyık
2,2021-08-21,Gaziantep FK,0–0,Beşiktaş,Umit Öztürk
2,2021-08-21,Alanyaspor,1–4,Altay,Mete Kalkavan
2,2021-08-22,Konyaspor,2–1,Başakşehir,Halis Özkahya
2,2021-08-22,Fenerbahçe,2–0,Antalyaspor,Halil Umut Meler
2,2021-08-22,Göztepe,0–1,Yeni Mal'spor,Bahattin Şimşek
2,2021-08-23,Trabzonspor,2–1,Sivasspor,Abdulkadir Bitigen
2,2021-08-23,Galatasaray,2–1,Hatayspor,Hüseyin Göçek
,,,,,
3,2021-08-27,Antalyaspor,3–2,Rizespor,Özgür Yankaya
3,2021-08-27,Adana Demirspor,1–1,Konyaspor,Alper Ulusoy
3,2021-08-28,Yeni Mal'spor,2–0,Gaziantep FK,Sarper Barış Saka
3,2021-08-28,Başakşehir,0–1,Kayserispor,Mustafa Öğretmenoğlu
3,2021-08-28,Hatayspor,5–0,Alanyaspor,Mert Güzenge
3,2021-08-28,Beşiktaş,1–0,Fatih Karagümrük,Cüneyt Çakιr
3,2021-08-29,Kasımpaşa,2–2,Galatasaray,Fırat Aydınus
3,2021-08-29,Sivasspor,2–2,Göztepe,Burak Şeker
3,2021-08-29,Giresunspor,0–1,Trabzonspor,Ali Şansalan
3,2021-08-29,Altay,0–2,Fenerbahçe,Yaşar Kemal Uğurlu
,,,,,
4,2021-09-11,Fatih Karagümrük,4–0,Adana Demirspor,Umit Öztürk
4,2021-09-11,Konyaspor,3–1,Altay,Erkan Özdamar
Wk,Date,Home,Score,Away,Referee
4,2021-09-11,Beşiktaş,3–0,Yeni Mal'spor,Arda Kardeşler
4,2021-09-11,Kayserispor,2–0,Kasımpaşa,Yasin Kol
4,2021-09-12,Fenerbahçe,1–1,Sivasspor,Halis Özkahya
4,2021-09-12,Rizespor,0–2,Hatayspor,Halil Umut Meler
4,2021-09-12,Trabzonspor,2–2,Galatasaray,Ali Palabıyık
4,2021-09-12,Göztepe,2–1,Başakşehir,Tugay Kaan Numanoğlu
4,2021-09-13,Gaziantep FK,2–0,Antalyaspor,Suat Arslanboga
4,2021-09-13,Alanyaspor,1–0,Giresunspor,Zorbay Küçük
,,,,,
5,2021-09-17,Altay,2–1,Göztepe,Halil Umut Meler
5,2021-09-17,Yeni Mal'spor,3–4,Fatih Karagümrük,Hüseyin Göçek
5,2021-09-18,Sivasspor,1–1,Gaziantep FK,Atilla Karaoğlan
5,2021-09-18,Kasımpaşa,0–1,Trabzonspor,Mete Kalkavan
5,2021-09-18,Adana Demirspor,3–1,Rizespor,Cüneyt Çakιr
5,2021-09-18,Antalyaspor,2–3,Beşiktaş,Ali Şansalan
5,2021-09-19,Giresunspor,0–0,Konyaspor,Volkan Bayarslan
5,2021-09-19,Galatasaray,0–1,Alanyaspor,Abdulkadir Bitigen
5,2021-09-19,Başakşehir,2–0,Fenerbahçe,Fırat Aydınus
5,2021-09-19,Hatayspor,2–1,Kayserispor,Alper Ulusoy
,,,,,
6,2021-09-21,Rizespor,1–2,Altay,Umit Öztürk
6,2021-09-21,Fatih Karagümrük,0–0,Antalyaspor,Arda Kardeşler
6,2021-09-21,Beşiktaş,3–3,Adana Demirspor,Ali Palabıyık
6,2021-09-21,Yeni Mal'spor,0–1,Sivasspor,Erkan Özdamar
6,2021-09-22,Gaziantep FK,1–0,Başakşehir,Mete Kalkavan
6,2021-09-22,Kayserispor,3–0,Galatasaray,Yaşar Kemal Uğurlu
6,2021-09-22,Göztepe,0–2,Hatayspor,Suat Arslanboga
6,2021-09-23,Konyaspor,2–2,Trabzonspor,Halil Umut Meler
6,2021-09-23,Alanyaspor,2–0,Kasımpaşa,Bahattin Şimşek
6,2021-09-23,Fenerbahçe,2–1,Giresunspor,Cüneyt Çakιr
,,,,,
7,2021-09-24,Altay,2–1,Beşiktaş,Fırat Aydınus
7,2021-09-25,Sivasspor,4–0,Fatih Karagümrük,Alper Ulusoy
7,2021-09-25,Antalyaspor,1–0,Yeni Mal'spor,Mert Güzenge
7,2021-09-25,Adana Demirspor,4–0,Gaziantep FK,Sarper Barış Saka
Wk,Date,Home,Score,Away,Referee
7,2021-09-26,Giresunspor,1–1,Kayserispor,Atilla Karaoğlan
7,2021-09-26,Başakşehir,3–0,Rizespor,Arda Kardeşler
7,2021-09-26,Hatayspor,1–2,Fenerbahçe,Abdulkadir Bitigen
7,2021-09-26,Galatasaray,2–1,Göztepe,Ali Şansalan
7,2021-09-27,Kasımpaşa,2–2,Konyaspor,Tugay Kaan Numanoğlu
7,2021-09-27,Trabzonspor,1–1,Alanyaspor,Halis Özkahya
,,,,,
8,2021-10-01,Fatih Karagümrük,3–1,Başakşehir,Erkan Özdamar
8,2021-10-01,Antalyaspor,1–2,Adana Demirspor,Volkan Bayarslan
8,2021-10-02,Konyaspor,1–1,Alanyaspor,Mert Güzenge
8,2021-10-02,Göztepe,0–1,Giresunspor,Burak Şeker
8,2021-10-02,Kayserispor,1–2,Trabzonspor,Tugay Kaan Numanoğlu
8,2021-10-02,Beşiktaş,2–1,Sivasspor,Yaşar Kemal Uğurlu
8,2021-10-03,Yeni Mal'spor,0–2,Hatayspor,Halil Umut Meler
8,2021-10-03,Gaziantep FK,4–1,Altay,Bahattin Şimşek
8,2021-10-03,Fenerbahçe,2–1,Kasımpaşa,Atilla Karaoğlan
8,2021-10-03,Rizespor,2–3,Galatasaray,Ali Palabıyık
,,,,,
9,2021-10-15,Başakşehir,3–2,Beşiktaş,Atilla Karaoğlan
9,2021-10-16,Giresunspor,2–0,Rizespor,Erkan Özdamar
9,2021-10-16,Sivasspor,2–2,Antalyaspor,Mete Kalkavan
9,2021-10-16,Adana Demirspor,0–2,Yeni Mal'spor,Fırat Aydınus
9,2021-10-17,Kasımpaşa,1–2,Göztepe,Cüneyt Çakιr
9,2021-10-17,Galatasaray,1–0,Konyaspor,Arda Kardeşler
9,2021-10-17,Altay,0–1,Fatih Karagümrük,Suat Arslanboga
9,2021-10-17,Trabzonspor,3–1,Fenerbahçe,Ali Şansalan
9,2021-10-18,Alanyaspor,6–3,Kayserispor,Umit Öztürk
9,2021-10-18,Hatayspor,2–1,Gaziantep FK,Zorbay Küçük
,,,,,
10,2021-10-22,Yeni Mal'spor,2–1,Altay,Yasin Kol
10,2021-10-23,Rizespor,2–1,Kasımpaşa,Hüseyin Göçek
10,2021-10-23,Gaziantep FK,1–1,Giresunspor,Tugay Kaan Numanoğlu
10,2021-10-23,Konyaspor,2–0,Kayserispor,Sarper Barış Saka
10,2021-10-23,Göztepe,0–1,Trabzonspor,Atilla Karaoğlan
10,2021-10-24,Fatih Karagümrük,1–1,Hatayspor,Halis Özkahya
Wk,Date,Home,Score,Away,Referee
10,2021-10-24,Antalyaspor,1–2,Başakşehir,Yaşar Kemal Uğurlu
10,2021-10-24,Sivasspor,1–1,Adana Demirspor,Bahattin Şimşek
10,2021-10-24,Fenerbahçe,1–2,Alanyaspor,Halil Umut Meler
10,2021-10-25,Beşiktaş,2–1,Galatasaray,Fırat Aydınus
,,,,,
11,2021-10-29,Trabzonspor,2–1,Rizespor,Halil Umut Meler
11,2021-10-30,Kasımpaşa,2–0,Yeni Mal'spor,Alper Ulusoy
11,2021-10-30,Hatayspor,1–0,Beşiktaş,Cüneyt Çakιr
11,2021-10-30,Altay,1–1,Sivasspor,Erkan Özdamar
11,2021-10-30,Konyaspor,2–1,Fenerbahçe,Fırat Aydınus
11,2021-10-31,Kayserispor,2–1,Fatih Karagümrük,Burak Şeker
11,2021-10-31,Alanyaspor,2–2,Göztepe,Mete Kalkavan
11,2021-10-31,Galatasaray,2–0,Gaziantep FK,Yaşar Kemal Uğurlu
11,2021-11-01,Giresunspor,1–2,Antalyaspor,Suat Arslanboga
11,2021-11-01,Başakşehir,2–1,Adana Demirspor,Arda Kardeşler
,,,,,
12,2021-11-05,Gaziantep FK,2–0,Kasımpaşa,Halis Özkahya
12,2021-11-05,Rizespor,2–0,Alanyaspor,Fırat Aydınus
12,2021-11-06,Sivasspor,0–0,Giresunspor,Umit Öztürk
12,2021-11-06,Yeni Mal'spor,1–3,Başakşehir,Zorbay Küçük
12,2021-11-06,Antalyaspor,1–0,Altay,Mert Güzenge
12,2021-11-06,Beşiktaş,1–2,Trabzonspor,Erkan Özdamar
12,2021-11-07,Göztepe,0–2,Konyaspor,Yasin Kol
12,2021-11-07,Adana Demirspor,1–0,Hatayspor,Yaşar Kemal Uğurlu
12,2021-11-07,Fatih Karagümrük,1–1,Galatasaray,Atilla Karaoğlan
12,2021-11-07,Fenerbahçe,2–2,Kayserispor,Cüneyt Çakιr
,,,,,
13,2021-11-20,Hatayspor,3–1,Antalyaspor,Tugay Kaan Numanoğlu
13,2021-11-20,Giresunspor,1–0,Yeni Mal'spor,Cüneyt Çakιr
13,2021-11-20,Başakşehir,2–1,Sivasspor,Mete Kalkavan
13,2021-11-20,Alanyaspor,2–0,Beşiktaş,Alper Ulusoy
13,2021-11-21,Kasımpaşa,1–3,Fatih Karagümrük,Fırat Aydınus
13,2021-11-21,Konyaspor,3–0,Rizespor,Atilla Karaoğlan
13,2021-11-21,Altay,1–3,Adana Demirspor,Hüseyin Göçek
13,2021-11-21,Galatasaray,1–2,Fenerbahçe,Halil Umut Meler
Wk,Date,Home,Score,Away,Referee
13,2021-11-22,Kayserispor,1–1,Göztepe,Zorbay Küçük
13,2021-11-22,Trabzonspor,3–0,Gaziantep FK,Suat Arslanboga
,,,,,
14,2021-11-26,Başakşehir,0–0,Altay,Umit Öztürk
14,2021-11-26,Adana Demirspor,0–0,Kasımpaşa,Erkan Özdamar
14,2021-11-27,Antalyaspor,3–0,Alanyaspor,Ali Şansalan
14,2021-11-27,Rizespor,1–0,Kayserispor,Yaşar Kemal Uğurlu
14,2021-11-27,Beşiktaş,0–4,Giresunspor,Hüseyin Göçek
14,2021-11-28,Gaziantep FK,3–2,Konyaspor,Fırat Aydınus
14,2021-11-28,Sivasspor,4–0,Hatayspor,Arda Kardeşler
14,2021-11-28,Fatih Karagümrük,0–2,Trabzonspor,Cüneyt Çakιr
14,2021-11-28,Yeni Mal'spor,0–0,Galatasaray,Atilla Karaoğlan
14,2021-11-29,Göztepe,1–1,Fenerbahçe,Mete Kalkavan
,,,,,
15,2021-12-03,Kasımpaşa,1–1,Beşiktaş,Mete Kalkavan
15,2021-12-04,Alanyaspor,0–1,Sivasspor,Yaşar Kemal Uğurlu
15,2021-12-04,Trabzonspor,2–0,Adana Demirspor,Fırat Aydınus
15,2021-12-04,Galatasaray,2–2,Altay,Cüneyt Çakιr
15,2021-12-05,Kayserispor,2–0,Antalyaspor,Halil Umut Meler
15,2021-12-05,Giresunspor,3–1,Fatih Karagümrük,Arda Kardeşler
15,2021-12-05,Hatayspor,0–3,Başakşehir,Erkan Özdamar
15,2021-12-05,Fenerbahçe,4–0,Rizespor,Zorbay Küçük
15,2021-12-06,Göztepe,2–1,Gaziantep FK,Umit Öztürk
15,2021-12-06,Konyaspor,0–0,Yeni Mal'spor,Alper Ulusoy
,,,,,
16,2021-12-10,Altay,1–2,Hatayspor,Mete Kalkavan
16,2021-12-11,Fatih Karagümrük,1–4,Konyaspor,Yaşar Kemal Uğurlu
16,2021-12-11,Rizespor,3–1,Göztepe,Erkan Özdamar
16,2021-12-11,Başakşehir,2–1,Kasımpaşa,Fırat Aydınus
16,2021-12-11,Antalyaspor,2–1,Trabzonspor,Zorbay Küçük
16,2021-12-12,Adana Demirspor,1–0,Giresunspor,Alper Ulusoy
16,2021-12-12,Yeni Mal'spor,2–6,Alanyaspor,Yasin Kol
16,2021-12-12,Beşiktaş,4–2,Kayserispor,Ali Şansalan
16,2021-12-13,Sivasspor,1–0,Galatasaray,Umit Öztürk
16,2021-12-13,Gaziantep FK,3–2,Fenerbahçe,Atilla Karaoğlan
Wk,Date,Home,Score,Away,Referee
,,,,,
17,2021-12-17,Giresunspor,3–1,Altay,Tugay Kaan Numanoğlu
17,2021-12-18,Kasımpaşa,1–3,Sivasspor,Ali Şansalan
17,2021-12-18,Trabzonspor,2–0,Hatayspor,Yaşar Kemal Uğurlu
17,2021-12-18,Konyaspor,1–0,Antalyaspor,Arda Kardeşler
17,2021-12-18,Alanyaspor,1–3,Adana Demirspor,Hüseyin Göçek
17,2021-12-18,Galatasaray,1–1,Başakşehir,Zorbay Küçük
17,2021-12-19,Rizespor,1–0,Yeni Mal'spor,Halil Umut Meler
17,2021-12-19,Göztepe,0–1,Fatih Karagümrük,Volkan Bayarslan
17,2021-12-19,Kayserispor,0–0,Gaziantep FK,Erkan Özdamar
17,2021-12-19,Fenerbahçe,2–2,Beşiktaş,Fırat Aydınus
,,,,,
18,2021-12-21,Başakşehir,3–1,Giresunspor,Alper Ulusoy
18,2021-12-21,Antalyaspor,1–1,Kasımpaşa,Yaşar Kemal Uğurlu
18,2021-12-21,Adana Demirspor,2–0,Galatasaray,Arda Kardeşler
18,2021-12-21,Altay,1–2,Trabzonspor,Ali Şansalan
18,2021-12-22,Hatayspor,1–3,Konyaspor,Halil Umut Meler
18,2021-12-22,Sivasspor,1–1,Rizespor,Atilla Karaoğlan
18,2021-12-22,Fatih Karagümrük,1–1,Fenerbahçe,Erkan Özdamar
18,2021-12-22,Gaziantep FK,2–1,Alanyaspor,Tugay Kaan Numanoğlu
18,2021-12-23,Yeni Mal'spor,2–2,Kayserispor,Hüseyin Göçek
18,2021-12-23,Beşiktaş,2–1,Göztepe,Umit Öztürk
,,,,,
19,2021-12-25,Kasımpaşa,2–0,Altay,Tugay Kaan Numanoğlu
19,2021-12-25,Galatasaray,2–0,Antalyaspor,Ali Şansalan
19,2021-12-25,Giresunspor,0–1,Hatayspor,Volkan Bayarslan
19,2021-12-25,Trabzonspor,0–0,Başakşehir,Halil Umut Meler
19,2021-12-26,Rizespor,0–1,Gaziantep FK,Cüneyt Çakιr
19,2021-12-26,Göztepe,1–1,Adana Demirspor,Atilla Karaoğlan
19,2021-12-26,Alanyaspor,1–1,Fatih Karagümrük,Alper Ulusoy
19,2021-12-26,Fenerbahçe,2–0,Yeni Mal'spor,Yaşar Kemal Uğurlu
19,2021-12-27,Kayserispor,3–0,Sivasspor,Umit Öztürk
19,2021-12-27,Konyaspor,1–0,Beşiktaş,Mete Kalkavan
,,,,,
20,2022-01-07,Trabzonspor,1–0,Yeni Mal'spor,Fırat Aydınus
Wk,Date,Home,Score,Away,Referee
20,2022-01-08,Gaziantep FK,3–1,Fatih Karagümrük,Zorbay Küçük
20,2022-01-08,Kasımpaşa,3–1,Hatayspor,Sarper Barış Saka
20,2022-01-08,Alanyaspor,1–1,Başakşehir,Mustafa Kürşad Filiz
20,2022-01-08,Galatasaray,0–1,Giresunspor,Arda Kardeşler
20,2022-01-09,Konyaspor,0–1,Sivasspor,Cüneyt Çakιr
20,2022-01-09,Göztepe,4–0,Antalyaspor,Hüseyin Göçek
20,2022-01-09,Kayserispor,1–0,Altay,Yaşar Kemal Uğurlu
20,2022-01-09,Rizespor,2–2,Beşiktaş,Alper Ulusoy
20,2022-01-10,Fenerbahçe,1–2,Adana Demirspor,Halil Umut Meler
,,,,,
21,2022-01-14,Beşiktaş,1–0,Gaziantep FK,Arda Kardeşler
21,2022-01-14,Yeni Mal'spor,1–2,Göztepe,Cüneyt Çakιr
21,2022-01-15,Adana Demirspor,1–1,Kayserispor,Sarper Barış Saka
21,2022-01-15,Sivasspor,1–1,Trabzonspor,Mete Kalkavan
21,2022-01-15,Fatih Karagümrük,2–0,Rizespor,Umit Öztürk
21,2022-01-15,Antalyaspor,1–1,Fenerbahçe,Atilla Karaoğlan
21,2022-01-16,Altay,0–2,Alanyaspor,Volkan Bayarslan
21,2022-01-16,Giresunspor,0–2,Kasımpaşa,Yaşar Kemal Uğurlu
21,2022-01-16,Hatayspor,4–2,Galatasaray,Erkan Özdamar
,,,,,
22,2022-01-18,Fatih Karagümrük,0–1,Beşiktaş,Halil Umut Meler
22,2022-01-18,Konyaspor,1–0,Adana Demirspor,Yasin Kol
22,2022-01-19,Göztepe,2–1,Sivasspor,Suat Arslanboga
22,2022-01-19,Kayserispor,1–0,Başakşehir,Volkan Bayarslan
22,2022-01-19,Fenerbahçe,2–1,Altay,Hüseyin Göçek
22,2022-01-19,Trabzonspor,1–1,Giresunspor,Alper Ulusoy
22,2022-01-20,Alanyaspor,6–0,Hatayspor,Bahattin Şimşek
22,2022-01-20,Rizespor,2–1,Antalyaspor,Yaşar Kemal Uğurlu
22,2022-01-20,Galatasaray,1–3,Kasımpaşa,Tugay Kaan Numanoğlu
,,,,,
23,2022-01-22,Yeni Mal'spor,1–1,Beşiktaş,Zorbay Küçük
23,2022-01-22,Sivasspor,1–1,Fenerbahçe,Alper Ulusoy
23,2022-01-22,Adana Demirspor,5–0,Fatih Karagümrük,Suat Arslanboga
23,2022-01-22,Başakşehir,1–2,Göztepe,Arda Kardeşler
23,2022-01-23,Kasımpaşa,3–1,Kayserispor,Halil Umut Meler
Wk,Date,Home,Score,Away,Referee
23,2022-01-23,Hatayspor,0–0,Rizespor,Sarper Barış Saka
23,2022-01-23,Antalyaspor,0–0,Gaziantep FK,Yasin Kol
23,2022-01-23,Altay,0–1,Konyaspor,Abdulkadir Bitigen
23,2022-01-23,Giresunspor,1–3,Alanyaspor,Mert Güzenge
23,2022-01-23,Galatasaray,1–2,Trabzonspor,Atilla Karaoğlan
,,,,,
24,2022-02-04,Kayserispor,4–3,Hatayspor,Kadir Sağlam
24,2022-02-04,Konyaspor,1–0,Giresunspor,Cüneyt Çakιr
24,2022-02-05,Gaziantep FK,5–1,Sivasspor,Mustafa Kürşad Filiz
24,2022-02-05,Trabzonspor,1–0,Kasımpaşa,Zorbay Küçük
24,2022-02-05,Fatih Karagümrük,1–0,Yeni Mal'spor,Ali Palabıyık
24,2022-02-05,Fenerbahçe,0–1,Başakşehir,Yaşar Kemal Uğurlu
24,2022-02-06,Alanyaspor,1–1,Galatasaray,Mete Kalkavan
24,2022-02-06,Rizespor,1–3,Adana Demirspor,Halil Umut Meler
24,2022-02-06,Göztepe,0–2,Altay,Sarper Barış Saka
24,2022-02-06,Beşiktaş,0–0,Antalyaspor,Abdulkadir Bitigen
,,,,,
25,2022-02-11,Altay,0–0,Rizespor,Fırat Aydınus
25,2022-02-12,Giresunspor,1–2,Fenerbahçe,Zorbay Küçük
25,2022-02-12,Başakşehir,2–0,Gaziantep FK,Cüneyt Çakιr
25,2022-02-12,Galatasaray,1–1,Kayserispor,Sarper Barış Saka
25,2022-02-13,Sivasspor,2–1,Yeni Mal'spor,Arda Kardeşler
25,2022-02-13,Antalyaspor,3–0,Fatih Karagümrük,Halil Umut Meler
25,2022-02-13,Trabzonspor,2–1,Konyaspor,Mete Kalkavan
25,2022-02-13,Kasımpaşa,2–2,Alanyaspor,Yaşar Kemal Uğurlu
25,2022-02-14,Adana Demirspor,1–1,Beşiktaş,Ali Şansalan
25,2022-02-14,Hatayspor,2–1,Göztepe,Atilla Karaoğlan
,,,,,
26,2022-02-18,Rizespor,0–2,Başakşehir,Suat Arslanboga
26,2022-02-18,Konyaspor,4–4,Kasımpaşa,Umit Öztürk
26,2022-02-19,Yeni Mal'spor,1–2,Antalyaspor,Atilla Karaoğlan
26,2022-02-19,Kayserispor,2–1,Giresunspor,Ali Palabıyık
26,2022-02-19,Beşiktaş,1–0,Altay,Volkan Bayarslan
26,2022-02-20,Gaziantep FK,0–3,Adana Demirspor,Kadir Sağlam
26,2022-02-20,Fatih Karagümrük,1–0,Sivasspor,Mert Güzenge
Wk,Date,Home,Score,Away,Referee
26,2022-02-20,Alanyaspor,0–4,Trabzonspor,Halil Umut Meler
26,2022-02-20,Fenerbahçe,2–0,Hatayspor,Yasin Kol
26,2022-02-21,Göztepe,2–3,Galatasaray,Arda Kardeşler
,,,,,
21,2022-02-22,Başakşehir,2–1,Konyaspor,Sarper Barış Saka
,,,,,
22,2022-02-23,Gaziantep FK,0–0,Yeni Mal'spor,Umit Öztürk
,,,,,
27,2022-02-25,Adana Demirspor,0–0,Antalyaspor,Alper Ulusoy
27,2022-02-25,Trabzonspor,3–2,Kayserispor,Erkan Özdamar
27,2022-02-26,Başakşehir,1–2,Fatih Karagümrük,Yasin Kol
27,2022-02-26,Sivasspor,2–3,Beşiktaş,Sarper Barış Saka
27,2022-02-27,Giresunspor,3–1,Göztepe,Cüneyt Çakιr
27,2022-02-27,Altay,3–2,Gaziantep FK,Yaşar Kemal Uğurlu
27,2022-02-27,Alanyaspor,5–1,Konyaspor,Volkan Bayarslan
27,2022-02-27,Hatayspor,5–2,Yeni Mal'spor,Çağdaş Altay
27,2022-02-27,Galatasaray,4–2,Rizespor,Umit Öztürk
27,2022-02-28,Kasımpaşa,1–2,Fenerbahçe,Mete Kalkavan
,,,,,
28,2022-03-04,Yeni Mal'spor,1–0,Adana Demirspor,Yasin Kol
28,2022-03-05,Rizespor,1–2,Giresunspor,Yaşar Kemal Uğurlu
28,2022-03-05,Göztepe,2–3,Kasımpaşa,Atilla Karaoğlan
28,2022-03-05,Konyaspor,2–0,Galatasaray,Ali Şansalan
28,2022-03-06,Fatih Karagümrük,0–0,Altay,Sarper Barış Saka
28,2022-03-06,Fenerbahçe,1–1,Trabzonspor,Zorbay Küçük
28,2022-03-06,Antalyaspor,1–0,Sivasspor,Cüneyt Çakιr
28,2022-03-07,Kayserispor,1–2,Alanyaspor,Suat Arslanboga
28,2022-03-07,Gaziantep FK,2–2,Hatayspor,Hüseyin Göçek
28,2022-03-07,Beşiktaş,2–2,Başakşehir,Erkan Özdamar
,,,,,
29,2022-03-12,Hatayspor,3–0,Fatih Karagümrük,Yaşar Kemal Uğurlu
29,2022-03-12,Kasımpaşa,3–1,Rizespor,Sarper Barış Saka
29,2022-03-12,Altay,1–0,Yeni Mal'spor,Erkan Özdamar
29,2022-03-12,Trabzonspor,4–2,Göztepe,Ali Şansalan
29,2022-03-13,Kayserispor,2–3,Konyaspor,Yasin Kol
Wk,Date,Home,Score,Away,Referee
29,2022-03-13,Adana Demirspor,2–3,Sivasspor,Çağdaş Altay
29,2022-03-13,Alanyaspor,2–5,Fenerbahçe,Volkan Bayarslan
29,2022-03-14,Başakşehir,0–1,Antalyaspor,Zorbay Küçük
29,2022-03-14,Galatasaray,2–1,Beşiktaş,Atilla Karaoğlan
29,2022-03-14,Giresunspor,2–1,Gaziantep FK,Kadir Sağlam
,,,,,
30,2022-03-18,Fatih Karagümrük,3–0,Kayserispor,Kadir Sağlam
30,2022-03-18,Rizespor,3–2,Trabzonspor,Volkan Bayarslan
30,2022-03-19,Yeni Mal'spor,0–2,Kasımpaşa,Ali Şansalan
30,2022-03-19,Göztepe,0–2,Alanyaspor,Zorbay Küçük
30,2022-03-19,Adana Demirspor,2–1,Başakşehir,Yaşar Kemal Uğurlu
30,2022-03-19,Beşiktaş,1–1,Hatayspor,Yasin Kol
30,2022-03-20,Antalyaspor,4–1,Giresunspor,Mustafa Kürşad Filiz
30,2022-03-20,Sivasspor,2–1,Altay,Atilla Karaoğlan
30,2022-03-20,Gaziantep FK,3–1,Galatasaray,Arda Kardeşler
30,2022-03-20,Fenerbahçe,2–1,Konyaspor,Halil Umut Meler
,,,,,
31,2022-04-02,Giresunspor,2–2,Sivasspor,Arda Kardeşler
31,2022-04-02,Kayserispor,0–4,Fenerbahçe,Atilla Karaoğlan
31,2022-04-02,Altay,1–2,Antalyaspor,Yasin Kol
31,2022-04-02,Galatasaray,2–0,Fatih Karagümrük,Ali Şansalan
31,2022-04-03,Kasımpaşa,2–1,Gaziantep FK,Yaşar Kemal Uğurlu
31,2022-04-03,Alanyaspor,2–1,Rizespor,Halil Umut Meler
31,2022-04-03,Konyaspor,3–0,Göztepe,Erkan Özdamar
31,2022-04-03,Trabzonspor,1–1,Beşiktaş,Zorbay Küçük
31,2022-04-04,Başakşehir,1–0,Yeni Mal'spor,Sarper Barış Saka
31,2022-04-04,Hatayspor,0–0,Adana Demirspor,Mustafa Kürşad Filiz
,,,,,
32,2022-04-09,Fatih Karagümrük,3–2,Kasımpaşa,Mustafa Kürşad Filiz
32,2022-04-09,Rizespor,2–1,Konyaspor,Ali Şansalan
32,2022-04-09,Göztepe,1–2,Kayserispor,Yaşar Kemal Uğurlu
32,2022-04-09,Gaziantep FK,0–0,Trabzonspor,Erkan Özdamar
32,2022-04-09,Beşiktaş,4–1,Alanyaspor,Volkan Bayarslan
32,2022-04-10,Yeni Mal'spor,0–1,Giresunspor,Yasin Kol
32,2022-04-10,Sivasspor,0–2,Başakşehir,Halil Umut Meler
Wk,Date,Home,Score,Away,Referee
32,2022-04-10,Adana Demirspor,3–1,Altay,Arda Kardeşler
32,2022-04-10,Fenerbahçe,2–0,Galatasaray,Atilla Karaoğlan
32,2022-04-11,Antalyaspor,4–1,Hatayspor,Kadir Sağlam
,,,,,
33,2022-04-15,Kayserispor,1–1,Rizespor,Erkan Özdamar
33,2022-04-15,Trabzonspor,1–1,Fatih Karagümrük,Halil Umut Meler
33,2022-04-16,Hatayspor,1–1,Sivasspor,Ozan Ergün
33,2022-04-16,Altay,1–1,Başakşehir,Sarper Barış Saka
33,2022-04-16,Alanyaspor,1–3,Antalyaspor,Yaşar Kemal Uğurlu
33,2022-04-16,Fenerbahçe,2–0,Göztepe,Yasin Kol
33,2022-04-17,Konyaspor,4–1,Gaziantep FK,Volkan Bayarslan
33,2022-04-17,Kasımpaşa,4–0,Adana Demirspor,Kadir Sağlam
33,2022-04-17,Giresunspor,0–0,Beşiktaş,Arda Kardeşler
33,2022-04-18,Galatasaray,2–0,Yeni Mal'spor,Mustafa Kürşad Filiz
,,,,,
34,2022-04-22,Rizespor,0–6,Fenerbahçe,Halil Umut Meler
34,2022-04-23,Fatih Karagümrük,2–1,Giresunspor,Erkan Özdamar
34,2022-04-23,Gaziantep FK,1–1,Göztepe,Mustafa Kürşad Filiz
34,2022-04-23,Adana Demirspor,1–3,Trabzonspor,Yaşar Kemal Uğurlu
34,2022-04-24,Yeni Mal'spor,2–3,Konyaspor,Sarper Barış Saka
34,2022-04-24,Başakşehir,3–0,Hatayspor,Arda Kardeşler
34,2022-04-24,Altay,0–1,Galatasaray,Volkan Bayarslan
34,2022-04-24,Antalyaspor,1–1,Kayserispor,Cüneyt Çakιr
34,2022-04-25,Beşiktaş,0–3,Kasımpaşa,Yasin Kol
34,2022-04-25,Sivasspor,1–0,Alanyaspor,Umit Öztürk
,,,,,
35,2022-04-29,Fenerbahçe,3–2,Gaziantep FK,Sarper Barış Saka
35,2022-04-29,Giresunspor,2–0,Adana Demirspor,Halil Umut Meler
35,2022-04-30,Kasımpaşa,2–3,Başakşehir,Alper Ulusoy
35,2022-04-30,Konyaspor,1–2,Fatih Karagümrük,Arda Kardeşler
35,2022-04-30,Hatayspor,0–1,Altay,Abdulkadir Bitigen
35,2022-04-30,Trabzonspor,2–2,Antalyaspor,Atilla Karaoğlan
35,2022-05-01,Kayserispor,2–3,Beşiktaş,Erkan Özdamar
35,2022-05-01,Alanyaspor,2–1,Yeni Mal'spor,Turgut Doman
35,2022-05-01,Galatasaray,2–3,Sivasspor,Kadir Sağlam
Wk,Date,Home,Score,Away,Referee
35,2022-05-01,Göztepe,1–7,Rizespor,Volkan Bayarslan
,,,,,
36,2022-05-06,Gaziantep FK,1–1,Kayserispor,Atilla Karaoğlan
36,2022-05-06,Hatayspor,1–1,Trabzonspor,Volkan Bayarslan
36,2022-05-07,Sivasspor,1–3,Kasımpaşa,Ali Şansalan
36,2022-05-07,Fatih Karagümrük,3–1,Göztepe,Mustafa Kürşad Filiz
36,2022-05-07,Adana Demirspor,1–2,Alanyaspor,Umit Öztürk
36,2022-05-07,Başakşehir,0–0,Galatasaray,Fırat Aydınus
36,2022-05-08,Yeni Mal'spor,1–3,Rizespor,Sarper Barış Saka
36,2022-05-08,Altay,1–1,Giresunspor,Cüneyt Çakιr
36,2022-05-08,Beşiktaş,1–1,Fenerbahçe,Arda Kardeşler
36,2022-05-09,Antalyaspor,3–2,Konyaspor,Mete Kalkavan
,,,,,
37,2022-05-14,Kayserispor,3–0,Yeni Mal'spor,Cihan Aydın
37,2022-05-15,Trabzonspor,2–1,Altay,Kadir Sağlam
37,2022-05-15,Göztepe,0–2,Beşiktaş,Umit Öztürk
37,2022-05-15,Kasımpaşa,2–4,Antalyaspor,Mert Güzenge
37,2022-05-15,Fenerbahçe,0–0,Fatih Karagümrük,Halil Umut Meler
37,2022-05-15,Giresunspor,1–1,Başakşehir,Tugay Kaan Numanoğlu
37,2022-05-15,Alanyaspor,3–0,Gaziantep FK,Bahattin Şimşek
37,2022-05-15,Konyaspor,3–1,Hatayspor,Erkan Özdamar
37,2022-05-16,Galatasaray,3–2,Adana Demirspor,Sarper Barış Saka
37,2022-05-16,Rizespor,1–2,Sivasspor,Suat Arslanboga
,,,,,
38,2022-05-20,Gaziantep FK,2–0,Rizespor,Emre Kargın
38,2022-05-20,Antalyaspor,1–1,Galatasaray,Yasin Kol
38,2022-05-21,Sivasspor,2–1,Kayserispor,Yaşar Kemal Uğurlu
38,2022-05-21,Altay,2–4,Kasımpaşa,Çağdaş Altay
38,2022-05-21,Yeni Mal'spor,0–5,Fenerbahçe,Volkan Bayarslan
38,2022-05-21,Beşiktaş,1–1,Konyaspor,Sarper Barış Saka
38,2022-05-22,Fatih Karagümrük,0–1,Alanyaspor,Fırat Aydınus
38,2022-05-22,Başakşehir,3–1,Trabzonspor,Atilla Karaoğlan
38,2022-05-22,Adana Demirspor,7–0,Göztepe,Adem Cinek
38,2022-05-22,Hatayspor,4–1,Giresunspor,Ali Palabıyık
,,,,,
Wk,Date,Home,Score,Away,Referee
1,2022-08-05,İstanbulspor,0–2,Trabzonspor,Arda Kardeşler
1,2022-08-06,Sivasspor,1–1,Gaziantep FK,Ali Şansalan
1,2022-08-06,Beşiktaş,1–0,Kayserispor,Umit Öztürk
1,2022-08-07,Fatih Karagümrük,2–4,Alanyaspor,Zorbay Küçük
1,2022-08-07,Giresunspor,2–3,Adana Demirspor,Volkan Bayarslan
1,2022-08-07,Antalyaspor,0–1,Galatasaray,Atilla Karaoğlan
1,2022-08-08,Başakşehir,4–0,Kasımpaşa,Ali Palabıyık
1,2022-08-08,Ankaragücü,0–0,Konyaspor,Bahattin Şimşek
1,2022-08-08,Fenerbahçe,3–3,Ümraniyespor,Yaşar Kemal Uğurlu
,,,,,
2,2022-08-12,Trabzonspor,1–0,Hatayspor,Abdulkadir Bitigen
2,2022-08-13,Kayserispor,1–0,İstanbulspor,Suat Arslanboga
2,2022-08-13,Adana Demirspor,3–0,Sivasspor,Mert Güzenge
2,2022-08-13,Galatasaray,0–1,Giresunspor,Kadir Sağlam
2,2022-08-14,Gaziantep FK,1–0,Ankaragücü,Mustafa Kürşad Filiz
2,2022-08-14,Ümraniyespor,0–1,Antalyaspor,Çağdaş Altay
2,2022-08-14,Alanyaspor,3–3,Beşiktaş,Yasin Kol
2,2022-08-15,Konyaspor,0–0,Başakşehir,Sarper Barış Saka
2,2022-08-15,Kasımpaşa,0–6,Fenerbahçe,Mete Kalkavan
,,,,,
3,2022-08-19,Ümraniyespor,0–1,Galatasaray,Ali Şansalan
3,2022-08-20,Giresunspor,1–0,Kasımpaşa,Bahattin Şimşek
3,2022-08-20,Hatayspor,1–2,Gaziantep FK,Atilla Karaoğlan
3,2022-08-20,Antalyaspor,5–2,Trabzonspor,Volkan Bayarslan
3,2022-08-21,Başakşehir,2–0,Kayserispor,Yaşar Kemal Uğurlu
3,2022-08-21,Beşiktaş,4–1,Fatih Karagümrük,Arda Kardeşler
3,2022-08-22,Sivasspor,1–1,Alanyaspor,Umit Öztürk
3,2022-08-22,İstanbulspor,0–4,Konyaspor,Burak Şeker
3,2022-08-22,Fenerbahçe,4–2,Adana Demirspor,Abdulkadir Bitigen
,,,,,
4,2022-08-26,Gaziantep FK,5–2,Antalyaspor,Suat Arslanboga
4,2022-08-27,Fatih Karagümrük,4–1,Ankaragücü,Çağdaş Altay
4,2022-08-27,Alanyaspor,0–1,İstanbulspor,Mustafa Kürşad Filiz
4,2022-08-27,Adana Demirspor,1–0,Ümraniyespor,Kadir Sağlam
4,2022-08-28,Kayserispor,3–0,Giresunspor,Sarper Barış Saka
Wk,Date,Home,Score,Away,Referee
4,2022-08-28,Kasımpaşa,1–0,Hatayspor,Mert Güzenge
4,2022-08-28,Trabzonspor,0–0,Galatasaray,Ali Palabıyık
4,2022-08-29,Konyaspor,1–0,Fenerbahçe,Arda Kardeşler
4,2022-08-29,Beşiktaş,3–1,Sivasspor,Volkan Bayarslan
,,,,,
5,2022-09-02,Ümraniyespor,0–1,Trabzonspor,Arda Kardeşler
5,2022-09-03,Sivasspor,0–0,Fatih Karagümrük,Yasin Kol
5,2022-09-03,Başakşehir,2–0,Alanyaspor,Ali Şansalan
5,2022-09-03,Fenerbahçe,2–0,Kayserispor,Ali Palabıyık
5,2022-09-03,Giresunspor,0–1,Konyaspor,Zorbay Küçük
5,2022-09-04,Hatayspor,1–1,Adana Demirspor,Burak Şeker
5,2022-09-04,Ankaragücü,2–3,Beşiktaş,Mete Kalkavan
5,2022-09-04,Antalyaspor,0–2,Kasımpaşa,Kadir Sağlam
5,2022-09-05,Galatasaray,2–1,Gaziantep FK,Yaşar Kemal Uğurlu
,,,,,
6,2022-09-09,Alanyaspor,2–1,Ankaragücü,Mert Güzenge
6,2022-09-10,Konyaspor,1–0,Hatayspor,Tugay Kaan Numanoğlu
6,2022-09-10,Fatih Karagümrük,1–1,Giresunspor,Erkan Özdamar
6,2022-09-11,Sivasspor,1–1,İstanbulspor,Hüseyin Göçek
6,2022-09-11,Kayserispor,1–0,Antalyaspor,Bahattin Şimşek
6,2022-09-11,Kasımpaşa,2–3,Galatasaray,Volkan Bayarslan
6,2022-09-11,Gaziantep FK,1–1,Ümraniyespor,Umit Öztürk
6,2022-09-12,Beşiktaş,0–1,Başakşehir,Halil Umut Meler
6,2022-09-12,Adana Demirspor,3–2,Trabzonspor,Atilla Karaoğlan
,,,,,
7,2022-09-16,Hatayspor,0–4,Kayserispor,Çağdaş Altay
7,2022-09-16,Galatasaray,2–1,Konyaspor,Abdulkadir Bitigen
7,2022-09-17,Ümraniyespor,1–2,Kasımpaşa,Suat Arslanboga
7,2022-09-17,Antalyaspor,0–3,Adana Demirspor,Ali Palabıyık
7,2022-09-17,İstanbulspor,2–2,Beşiktaş,Zorbay Küçük
7,2022-09-18,Başakşehir,0–0,Fatih Karagümrük,Bahattin Şimşek
7,2022-09-18,Trabzonspor,3–2,Gaziantep FK,Mete Kalkavan
7,2022-09-18,Fenerbahçe,5–0,Alanyaspor,Hüseyin Göçek
7,2022-09-18,Ankaragücü,2–1,Sivasspor,Sarper Barış Saka
,,,,,
Wk,Date,Home,Score,Away,Referee
8,2022-10-01,Kasımpaşa,1–0,Gaziantep FK,Zorbay Küçük
8,2022-10-01,Kayserispor,1–2,Trabzonspor,Umit Öztürk
8,2022-10-01,Ankaragücü,1–2,Başakşehir,Arda Kardeşler
8,2022-10-01,Adana Demirspor,0–0,Galatasaray,Halil Umut Meler
8,2022-10-02,Alanyaspor,1–1,Giresunspor,Tugay Kaan Numanoğlu
8,2022-10-02,Sivasspor,1–2,Hatayspor,Erkan Özdamar
8,2022-10-02,Konyaspor,1–0,Ümraniyespor,Mustafa Kürşad Filiz
8,2022-10-02,Beşiktaş,0–0,Fenerbahçe,Volkan Bayarslan
8,2022-10-03,Fatih Karagümrük,1–2,İstanbulspor,Ali Şansalan
,,,,,
9,2022-10-07,Gaziantep FK,1–1,Adana Demirspor,Sarper Barış Saka
9,2022-10-08,İstanbulspor,1–2,Ankaragücü,Yasin Kol
9,2022-10-08,Antalyaspor,1–1,Konyaspor,Mert Güzenge
9,2022-10-08,Giresunspor,0–1,Beşiktaş,Yaşar Kemal Uğurlu
9,2022-10-09,Ümraniyespor,2–2,Kayserispor,Burak Şeker
9,2022-10-09,Hatayspor,1–0,Alanyaspor,Abdulkadir Bitigen
9,2022-10-09,Fenerbahçe,5–4,Fatih Karagümrük,Atilla Karaoğlan
9,2022-10-10,Trabzonspor,0–0,Kasımpaşa,Hüseyin Göçek
9,2022-10-10,Başakşehir,0–2,Sivasspor,Kadir Sağlam
,,,,,
10,2022-10-14,Alanyaspor,3–2,Antalyaspor,Yaşar Kemal Uğurlu
10,2022-10-15,Fatih Karagümrük,3–0,Hatayspor,Volkan Bayarslan
10,2022-10-15,Kasımpaşa,1–4,Adana Demirspor,Tugay Kaan Numanoğlu
10,2022-10-15,Konyaspor,0–1,Gaziantep FK,Çağdaş Altay
10,2022-10-15,Kayserispor,2–1,Galatasaray,Arda Kardeşler
10,2022-10-16,Başakşehir,2–0,İstanbulspor,Erkan Özdamar
10,2022-10-16,Beşiktaş,2–2,Trabzonspor,Ali Şansalan
10,2022-10-17,Sivasspor,3–0,Giresunspor,Bahattin Şimşek
10,2022-10-17,Ankaragücü,0–3,Fenerbahçe,Halil Umut Meler
,,,,,
11,2022-10-21,Antalyaspor,2–1,İstanbulspor,Umit Öztürk
11,2022-10-22,Ümraniyespor,1–3,Fatih Karagümrük,Mert Güzenge
11,2022-10-22,Trabzonspor,1–0,Sivasspor,Abdulkadir Bitigen
11,2022-10-22,Fenerbahçe,1–0,Başakşehir,Zorbay Küçük
11,2022-10-23,Kasımpaşa,0–1,Kayserispor,Mustafa Kürşad Filiz
Wk,Date,Home,Score,Away,Referee
11,2022-10-23,Adana Demirspor,1–1,Konyaspor,Hüseyin Göçek
11,2022-10-23,Galatasaray,2–2,Alanyaspor,Ali Palabıyık
11,2022-10-24,Giresunspor,1–1,Ankaragücü,Suat Arslanboga
11,2022-10-24,Hatayspor,2–1,Beşiktaş,Kadir Sağlam
,,,,,
12,2022-10-28,Fatih Karagümrük,0–2,Galatasaray,Bahattin Şimşek
12,2022-10-29,Konyaspor,1–1,Kasımpaşa,Atilla Karaoğlan
12,2022-10-29,Alanyaspor,2–0,Gaziantep FK,Arda Kardeşler
12,2022-10-30,Ankaragücü,4–1,Hatayspor,Yaşar Kemal Uğurlu
12,2022-10-30,Beşiktaş,5–2,Ümraniyespor,Tugay Kaan Numanoğlu
12,2022-10-30,Kayserispor,2–2,Adana Demirspor,Volkan Bayarslan
12,2022-10-30,İstanbulspor,2–5,Fenerbahçe,Mustafa Kürşad Filiz
12,2022-10-31,Başakşehir,3–1,Giresunspor,Mert Güzenge
12,2022-10-31,Sivasspor,0–2,Antalyaspor,Mete Kalkavan
,,,,,
13,2022-11-04,Ümraniyespor,3–1,Alanyaspor,Ali Şansalan
13,2022-11-04,Kasımpaşa,1–1,Ankaragücü,Umit Öztürk
13,2022-11-05,Giresunspor,3–2,İstanbulspor,Sarper Barış Saka
13,2022-11-05,Galatasaray,2–1,Beşiktaş,Halil Umut Meler
13,2022-11-06,Gaziantep FK,1–2,Kayserispor,Erkan Özdamar
13,2022-11-06,Antalyaspor,4–2,Fatih Karagümrük,Abdulkadir Bitigen
13,2022-11-06,Trabzonspor,2–2,Konyaspor,Zorbay Küçük
13,2022-11-07,Hatayspor,3–3,Başakşehir,Suat Arslanboga
13,2022-11-07,Fenerbahçe,1–0,Sivasspor,Hüseyin Göçek
,,,,,
14,2022-11-11,Alanyaspor,0–0,Adana Demirspor,Çağdaş Altay
14,2022-11-11,Ankaragücü,1–1,Trabzonspor,Mete Kalkavan
14,2022-11-12,Sivasspor,2–2,Ümraniyespor,Yaşar Kemal Uğurlu
14,2022-11-12,Fenerbahçe,1–2,Giresunspor,Arda Kardeşler
14,2022-11-12,Başakşehir,0–7,Galatasaray,Atilla Karaoğlan
14,2022-11-13,Fatih Karagümrük,3–3,Gaziantep FK,Mustafa Kürşad Filiz
14,2022-11-13,İstanbulspor,0–1,Hatayspor,Mert Güzenge
14,2022-11-13,Kayserispor,1–2,Konyaspor,Kadir Sağlam
,,,,,
15,2022-12-23,Antalyaspor,0–2,Ankaragücü,Ali Şansalan
Wk,Date,Home,Score,Away,Referee
15,2022-12-23,Ümraniyespor,1–3,Başakşehir,Arda Kardeşler
15,2022-12-24,Hatayspor,1–1,Giresunspor,Mete Kalkavan
15,2022-12-24,Kasımpaşa,1–2,Sivasspor,Sarper Barış Saka
15,2022-12-24,Trabzonspor,2–0,Fenerbahçe,Halil Umut Meler
15,2022-12-25,Adana Demirspor,2–1,Fatih Karagümrük,Erkan Özdamar
15,2022-12-25,Konyaspor,2–2,Alanyaspor,Bahattin Şimşek
15,2022-12-25,Gaziantep FK,1–1,Beşiktaş,Atilla Karaoğlan
15,2022-12-25,Galatasaray,2–1,İstanbulspor,Abdulkadir Bitigen
,,,,,
16,2022-12-27,Başakşehir,2–0,Antalyaspor,Halil Umut Meler
16,2022-12-27,Ankaragücü,1–2,Ümraniyespor,Mustafa Kürşad Filiz
16,2022-12-27,Fenerbahçe,4–0,Hatayspor,Sarper Barış Saka
16,2022-12-28,Alanyaspor,3–1,Kayserispor,Tugay Kaan Numanoğlu
16,2022-12-28,İstanbulspor,2–1,Kasımpaşa,Suat Arslanboga
16,2022-12-28,Fatih Karagümrük,4–1,Trabzonspor,Umit Öztürk
16,2022-12-29,Giresunspor,2–1,Gaziantep FK,Zorbay Küçük
16,2022-12-29,Sivasspor,1–2,Galatasaray,Erkan Özdamar
16,2022-12-29,Beşiktaş,1–0,Adana Demirspor,Ali Şansalan
,,,,,
17,2023-01-03,Ümraniyespor,2–2,Hatayspor,Hüseyin Göçek
17,2023-01-03,Antalyaspor,1–2,Fenerbahçe,Kadir Sağlam
17,2023-01-04,Kayserispor,2–4,Fatih Karagümrük,Suat Arslanboga
17,2023-01-04,Kasımpaşa,4–1,Alanyaspor,Yasin Kol
17,2023-01-04,Konyaspor,2–2,Sivasspor,Umit Öztürk
17,2023-01-04,Galatasaray,2–1,Ankaragücü,Zorbay Küçük
17,2023-01-05,Gaziantep FK,1–1,Başakşehir,Abdulkadir Bitigen
17,2023-01-05,Trabzonspor,3–0,Giresunspor,Ali Palabıyık
17,2023-01-05,Adana Demirspor,6–0,İstanbulspor,Mete Kalkavan
,,,,,
18,2023-01-07,Hatayspor,0–0,Antalyaspor,Yasin Kol
18,2023-01-07,Beşiktaş,2–1,Kasımpaşa,Zorbay Küçük
18,2023-01-08,Fatih Karagümrük,3–3,Konyaspor,Kadir Sağlam
18,2023-01-08,Ankaragücü,2–1,Kayserispor,Umit Öztürk
18,2023-01-08,Giresunspor,0–1,Ümraniyespor,Sarper Barış Saka
18,2023-01-08,Fenerbahçe,0–3,Galatasaray,Halil Umut Meler
Wk,Date,Home,Score,Away,Referee
18,2023-01-09,Başakşehir,2–1,Adana Demirspor,Arda Kardeşler
18,2023-01-09,İstanbulspor,1–1,Gaziantep FK,Burak Şeker
18,2023-01-09,Alanyaspor,5–0,Trabzonspor,Mustafa Kürşad Filiz
,,,,,
19,2023-01-13,Kayserispor,4–1,Sivasspor,Arda Kardeşler
19,2023-01-13,Galatasaray,4–0,Hatayspor,Kadir Sağlam
19,2023-01-14,Antalyaspor,2–2,Giresunspor,Yaşar Kemal Uğurlu
19,2023-01-14,Konyaspor,1–2,Beşiktaş,Abdulkadir Bitigen
19,2023-01-14,Adana Demirspor,3–1,Ankaragücü,Burak Şeker
19,2023-01-14,Trabzonspor,1–0,Başakşehir,Ali Şansalan
19,2023-01-15,Ümraniyespor,0–2,İstanbulspor,Ali Palabıyık
19,2023-01-15,Kasımpaşa,2–2,Fatih Karagümrük,Çağdaş Altay
19,2023-01-15,Gaziantep FK,1–2,Fenerbahçe,Mustafa Kürşad Filiz
,,,,,
20,2023-01-20,Adana Demirspor,1–1,Giresunspor,Yasin Kol
20,2023-01-21,Kasımpaşa,1–3,Başakşehir,Turgut Doman
20,2023-01-21,Galatasaray,2–1,Antalyaspor,Ali Şansalan
20,2023-01-22,Gaziantep FK,1–2,Sivasspor,Cihan Aydın
20,2023-01-22,Kayserispor,0–2,Beşiktaş,Mete Kalkavan
20,2023-01-22,Alanyaspor,2–2,Fatih Karagümrük,Burak Pakkan
20,2023-01-22,Trabzonspor,4–0,İstanbulspor,Arda Kardeşler
20,2023-01-23,Konyaspor,0–1,Ankaragücü,Murat Erdoğan
20,2023-01-23,Ümraniyespor,1–2,Fenerbahçe,Abdulkadir Bitigen
,,,,,
21,2023-01-27,Beşiktaş,3–0,Alanyaspor,Yaşar Kemal Uğurlu
21,2023-01-28,Sivasspor,1–2,Adana Demirspor,Burak Pakkan
21,2023-01-28,Ankaragücü,0–2,Gaziantep FK,Mert Güzenge
21,2023-01-28,Hatayspor,2–1,Trabzonspor,Zorbay Küçük
21,2023-01-28,Giresunspor,0–4,Galatasaray,Bahattin Şimşek
21,2023-01-28,Antalyaspor,3–2,Ümraniyespor,Direnç Tonusluoğlu
21,2023-01-29,İstanbulspor,2–4,Kayserispor,Murat Erdoğan
21,2023-01-29,Fenerbahçe,5–1,Kasımpaşa,Volkan Bayarslan
21,2023-01-29,Başakşehir,2–0,Konyaspor,Suat Arslanboga
,,,,,
22,2023-01-31,Alanyaspor,0–3,Sivasspor,Yiğit Arslan
Wk,Date,Home,Score,Away,Referee
22,2023-01-31,Fatih Karagümrük,1–1,Beşiktaş,Ali Şansalan
22,2023-02-01,Gaziantep FK,4–1,Hatayspor,Tugay Kaan Numanoğlu
22,2023-02-01,Kasımpaşa,5–1,Giresunspor,Hüseyin Göçek
22,2023-02-01,Trabzonspor,2–0,Antalyaspor,Mete Kalkavan
22,2023-02-01,Galatasaray,3–2,Ümraniyespor,Cihan Aydın
22,2023-02-02,Konyaspor,0–1,İstanbulspor,Umit Öztürk
22,2023-02-02,Kayserispor,1–0,Başakşehir,Kadir Sağlam
22,2023-02-02,Adana Demirspor,1–1,Fenerbahçe,Ali Palabıyık
,,,,,
23,2023-02-04,Ankaragücü,0–2,Fatih Karagümrük,Arda Kardeşler
23,2023-02-04,Sivasspor,1–0,Beşiktaş,Zorbay Küçük
23,2023-02-04,Antalyaspor,1–0,Gaziantep FK,Burak Pakkan
23,2023-02-05,İstanbulspor,2–1,Alanyaspor,Abdulkadir Bitigen
23,2023-02-05,Hatayspor,1–0,Kasımpaşa,Murat Erdoğan
23,2023-02-05,Galatasaray,2–1,Trabzonspor,Halil Umut Meler
23,2023-02-25,Giresunspor,1–2,Kayserispor,Ali Şansalan
23,2023-02-25,Fenerbahçe,4–0,Konyaspor,Halil Umut Meler
23,2023-02-26,Ümraniyespor,1–1,Adana Demirspor,Atilla Karaoğlan
,,,,,
14,2023-02-26,Beşiktaş,0–0,Antalyaspor,Abdulkadir Bitigen
,,,,,
24,2023-03-03,Alanyaspor,1–0,Başakşehir,Zorbay Küçük
24,2023-03-04,Fatih Karagümrük,4–3,Sivasspor,Umit Öztürk
24,2023-03-04,Trabzonspor,1–2,Ümraniyespor,Kadir Sağlam
24,2023-03-04,Kayserispor,1–2,Fenerbahçe,Atilla Karaoğlan
24,2023-03-05,Adana Demirspor,3–0,Hatayspor,
24,2023-03-05,Gaziantep FK,0–3,Galatasaray,
24,2023-03-05,Konyaspor,0–0,Giresunspor,Erkan Özdamar
24,2023-03-05,Beşiktaş,2–1,Ankaragücü,Volkan Bayarslan
24,2023-03-06,Kasımpaşa,3–1,Antalyaspor,Cihan Aydın
,,,,,
25,2023-03-10,Giresunspor,2–2,Fatih Karagümrük,Kadir Sağlam
25,2023-03-11,Antalyaspor,4–0,Kayserispor,Volkan Bayarslan
25,2023-03-11,Galatasaray,1–0,Kasımpaşa,Atilla Karaoğlan
25,2023-03-12,Ümraniyespor,3–0,Gaziantep FK,
Wk,Date,Home,Score,Away,Referee
25,2023-03-12,Hatayspor,0–3,Konyaspor,
25,2023-03-12,Ankaragücü,2–0,Alanyaspor,Ali Şansalan
25,2023-03-12,Trabzonspor,4–1,Adana Demirspor,Abdulkadir Bitigen
25,2023-03-12,Başakşehir,0–2,Beşiktaş,Mete Kalkavan
25,2023-03-13,İstanbulspor,3–0,Sivasspor,Halil Umut Meler
,,,,,
26,2023-03-17,Konyaspor,2–1,Galatasaray,Zorbay Küçük
26,2023-03-18,Kasımpaşa,1–1,Ümraniyespor,Mustafa Kürşad Filiz
26,2023-03-18,Adana Demirspor,2–0,Antalyaspor,Bahattin Şimşek
26,2023-03-18,Beşiktaş,3–1,İstanbulspor,Ali Şansalan
26,2023-03-19,Kayserispor,3–0,Hatayspor,
26,2023-03-19,Gaziantep FK,0–3,Trabzonspor,
26,2023-03-19,Sivasspor,2–0,Ankaragücü,Suat Arslanboga
26,2023-03-19,Fatih Karagümrük,2–2,Başakşehir,Tugay Kaan Numanoğlu
26,2023-03-19,Alanyaspor,1–3,Fenerbahçe,Mete Kalkavan
,,,,,
27,2023-04-01,Başakşehir,1–0,Ankaragücü,Abdulkadir Bitigen
27,2023-04-01,Trabzonspor,3–4,Kayserispor,Erkan Özdamar
27,2023-04-01,Galatasaray,2–0,Adana Demirspor,Ali Şansalan
27,2023-04-02,Gaziantep FK,0–3,Kasımpaşa,
27,2023-04-02,Hatayspor,0–3,Sivasspor,
27,2023-04-02,Ümraniyespor,2–2,Konyaspor,Arda Kardeşler
27,2023-04-02,Giresunspor,2–2,Alanyaspor,Turgut Doman
27,2023-04-02,Fenerbahçe,2–4,Beşiktaş,Halil Umut Meler
27,2023-04-03,İstanbulspor,0–1,Fatih Karagümrük,Atilla Karaoğlan
,,,,,
28,2023-04-07,Konyaspor,1–1,Antalyaspor,Direnç Tonusluoğlu
28,2023-04-08,Ankaragücü,3–2,İstanbulspor,Mustafa Kürşad Filiz
28,2023-04-08,Kasımpaşa,2–0,Trabzonspor,Burak Şeker
28,2023-04-09,Alanyaspor,3–0,Hatayspor,
28,2023-04-09,Adana Demirspor,3–0,Gaziantep FK,
28,2023-04-09,Sivasspor,1–1,Başakşehir,Arda Kardeşler
28,2023-04-09,Beşiktaş,3–1,Giresunspor,Atilla Karaoğlan
28,2023-04-10,Kayserispor,3–1,Ümraniyespor,Zorbay Küçük
28,2023-04-10,Fatih Karagümrük,1–2,Fenerbahçe,Abdulkadir Bitigen
Wk,Date,Home,Score,Away,Referee
,,,,,
29,2023-04-14,Galatasaray,6–0,Kayserispor,Mustafa Kürşad Filiz
29,2023-04-14,Antalyaspor,3–1,Alanyaspor,Tugay Kaan Numanoğlu
29,2023-04-15,Adana Demirspor,5–0,Kasımpaşa,Umit Öztürk
29,2023-04-15,İstanbulspor,1–0,Başakşehir,Mert Güzenge
29,2023-04-15,Fenerbahçe,2–1,Ankaragücü,Atilla Karaoğlan
29,2023-04-16,Gaziantep FK,0–3,Konyaspor,
29,2023-04-16,Hatayspor,0–3,Fatih Karagümrük,
29,2023-04-16,Giresunspor,1–0,Sivasspor,Yaşar Kemal Uğurlu
29,2023-04-16,Trabzonspor,0–0,Beşiktaş,Volkan Bayarslan
,,,,,
30,2023-04-18,Fatih Karagümrük,4–2,Ümraniyespor,Ali Şansalan
30,2023-04-18,Alanyaspor,1–4,Galatasaray,Abdulkadir Bitigen
30,2023-04-19,Beşiktaş,3–0,Hatayspor,
30,2023-04-19,Kayserispor,0–0,Kasımpaşa,Hüseyin Göçek
30,2023-04-19,İstanbulspor,3–3,Antalyaspor,Yiğit Arslan
30,2023-04-19,Başakşehir,1–2,Fenerbahçe,Suat Arslanboga
30,2023-04-19,Konyaspor,1–2,Adana Demirspor,Sarper Barış Saka
30,2023-04-20,Ankaragücü,3–1,Giresunspor,Halil Umut Meler
30,2023-04-20,Sivasspor,4–1,Trabzonspor,Bahattin Şimşek
,,,,,
31,2023-04-22,Ümraniyespor,0–2,Beşiktaş,Cihan Aydın
31,2023-04-23,Hatayspor,0–3,Ankaragücü,
31,2023-04-23,Gaziantep FK,0–3,Alanyaspor,
31,2023-04-23,Kasımpaşa,1–2,Konyaspor,Yasin Kol
31,2023-04-23,Adana Demirspor,5–3,Kayserispor,Direnç Tonusluoğlu
31,2023-04-23,Galatasaray,3–3,Fatih Karagümrük,Volkan Bayarslan
31,2023-04-24,Giresunspor,2–4,Başakşehir,Zorbay Küçük
31,2023-04-24,Fenerbahçe,3–3,İstanbulspor,Kadir Sağlam
31,2023-04-24,Antalyaspor,1–2,Sivasspor,Abdulkadir Bitigen
,,,,,
32,2023-04-28,Alanyaspor,1–0,Ümraniyespor,Yaşar Kemal Uğurlu
32,2023-04-29,Fatih Karagümrük,0–1,Antalyaspor,Halil Umut Meler
32,2023-04-29,Konyaspor,2–1,Trabzonspor,Cihan Aydın
32,2023-04-29,Ankaragücü,0–0,Kasımpaşa,Bahattin Şimşek
Wk,Date,Home,Score,Away,Referee
32,2023-04-29,Sivasspor,1–3,Fenerbahçe,Zorbay Küçük
32,2023-04-30,Başakşehir,3–0,Hatayspor,
32,2023-04-30,Kayserispor,3–0,Gaziantep FK,
32,2023-04-30,Beşiktaş,3–1,Galatasaray,Ali Şansalan
32,2023-05-01,İstanbulspor,1–0,Giresunspor,Mete Kalkavan
,,,,,
33,2023-05-06,Antalyaspor,1–3,Beşiktaş,Mete Kalkavan
33,2023-05-06,Adana Demirspor,4–2,Alanyaspor,Hüseyin Göçek
33,2023-05-07,Hatayspor,0–3,İstanbulspor,
33,2023-05-07,Gaziantep FK,0–3,Fatih Karagümrük,
33,2023-05-07,Ümraniyespor,4–1,Sivasspor,Burak Şeker
33,2023-05-07,Konyaspor,2–2,Kayserispor,Tugay Kaan Numanoğlu
33,2023-05-07,Giresunspor,1–1,Fenerbahçe,Bahattin Şimşek
33,2023-05-08,Galatasaray,1–0,Başakşehir,Halil Umut Meler
33,2023-05-08,Trabzonspor,2–0,Ankaragücü,Erkan Özdamar
,,,,,
34,2023-05-16,Sivasspor,1–2,Kasımpaşa,Ali Şansalan
34,2023-05-16,İstanbulspor,0–2,Galatasaray,Tugay Kaan Numanoğlu
34,2023-05-16,Alanyaspor,0–3,Konyaspor,Çağdaş Altay
34,2023-05-17,Beşiktaş,3–0,Gaziantep FK,
34,2023-05-17,Giresunspor,3–0,Hatayspor,
34,2023-05-17,Başakşehir,1–1,Ümraniyespor,Burak Pakkan
34,2023-05-17,Ankaragücü,1–1,Antalyaspor,Umit Öztürk
34,2023-05-17,Fatih Karagümrük,2–3,Adana Demirspor,Kadir Sağlam
34,2023-05-18,Fenerbahçe,3–1,Trabzonspor,Abdulkadir Bitigen
,,,,,
35,2023-05-20,Kasımpaşa,1–0,İstanbulspor,Yaşar Kemal Uğurlu
35,2023-05-20,Kayserispor,0–4,Alanyaspor,Yasin Kol
35,2023-05-20,Galatasaray,2–0,Sivasspor,Arda Kardeşler
35,2023-05-21,Hatayspor,0–3,Fenerbahçe,
35,2023-05-21,Gaziantep FK,0–3,Giresunspor,
35,2023-05-21,Ümraniyespor,1–2,Ankaragücü,Mete Kalkavan
35,2023-05-21,Antalyaspor,0–0,Başakşehir,Cihan Aydın
35,2023-05-21,Adana Demirspor,1–4,Beşiktaş,Mustafa Kürşad Filiz
35,2023-05-22,Trabzonspor,4–1,Fatih Karagümrük,Turgut Doman
Wk,Date,Home,Score,Away,Referee
,,,,,
36,2023-05-30,Başakşehir,3–0,Gaziantep FK,
36,2023-05-30,Hatayspor,0–3,Ümraniyespor,
36,2023-05-30,Fatih Karagümrük,2–0,Kayserispor,Murat Erdoğan
36,2023-05-30,İstanbulspor,0–2,Adana Demirspor,Umit Öztürk
36,2023-05-30,Fenerbahçe,2–0,Antalyaspor,Zorbay Küçük
36,2023-05-30,Sivasspor,1–0,Konyaspor,Bahattin Şimşek
36,2023-05-30,Giresunspor,2–4,Trabzonspor,Arda Kardeşler
36,2023-05-30,Alanyaspor,1–3,Kasımpaşa,Cihan Aydın
36,2023-05-30,Ankaragücü,1–4,Galatasaray,Volkan Bayarslan
,,,,,
37,2023-06-03,Gaziantep FK,0–3,İstanbulspor,
37,2023-06-03,Antalyaspor,3–0,Hatayspor,
37,2023-06-03,Konyaspor,1–1,Fatih Karagümrük,Yasin Kol
37,2023-06-03,Ümraniyespor,0–1,Giresunspor,Zorbay Küçük
37,2023-06-03,Kasımpaşa,2–5,Beşiktaş,Volkan Bayarslan
37,2023-06-03,Trabzonspor,5–1,Alanyaspor,Yaşar Kemal Uğurlu
37,2023-06-03,Adana Demirspor,2–3,Başakşehir,Erkan Özdamar
37,2023-06-03,Kayserispor,0–1,Ankaragücü,Cihan Aydın
37,2023-06-04,Galatasaray,3–0,Fenerbahçe,Abdulkadir Bitigen
,,,,,
38,2023-06-06,Fatih Karagümrük,3–0,Kasımpaşa,Burak Şeker
38,2023-06-06,Sivasspor,1–1,Kayserispor,Burak Pakkan
38,2023-06-06,Başakşehir,3–1,Trabzonspor,Bahattin Şimşek
38,2023-06-07,Fenerbahçe,3–0,Gaziantep FK,
38,2023-06-07,Hatayspor,0–3,Galatasaray,
38,2023-06-07,Ankaragücü,1–2,Adana Demirspor,Çağdaş Altay
38,2023-06-07,Beşiktaş,3–3,Konyaspor,Umit Öztürk
38,2023-06-07,Giresunspor,2–0,Antalyaspor,Kadir Sağlam
38,2023-06-07,İstanbulspor,4–0,Ümraniyespor,Cihan Aydın
,,,,,
Wk,Date,Home,Score,Away,Referee
1,2023-08-11,Trabzonspor,1–0,Antalyaspor,Zorbay Küçük
1,2023-08-12,Kasımpaşa,3–2,Ankaragücü,Bahattin Şimşek
1,2023-08-12,Konyaspor,1–1,İstanbulspor,Burak Pakkan
1,2023-08-12,Kayserispor,0–0,Galatasaray,Halil Umut Meler
1,2023-08-12,Pendikspor,1–5,Hatayspor,Çağdaş Altay
1,2023-08-13,Sivasspor,1–1,Samsunspor,Murat Erdoğan
1,2023-08-13,Fenerbahçe,2–1,Gaziantep FK,Abdulkadir Bitigen
1,2023-08-13,Adana Demirspor,2–1,Rizespor,Umit Öztürk
1,2023-08-14,Fatih Karagümrük,0–1,Beşiktaş,Erkan Özdamar
1,2023-08-14,Alanyaspor,2–0,Başakşehir,Tugay Kaan Numanoğlu
,,,,,
2,2023-08-18,İstanbulspor,1–1,Kayserispor,Sarper Barış Saka
2,2023-08-18,Antalyaspor,1–1,Konyaspor,Ali Şansalan
2,2023-08-19,Rizespor,0–0,Alanyaspor,Yiğit Arslan
2,2023-08-19,Galatasaray,2–0,Trabzonspor,Atilla Karaoğlan
2,2023-08-19,Hatayspor,0–0,Kasımpaşa,Mert Güzenge
2,2023-08-20,Başakşehir,0–2,Fatih Karagümrük,Burak Şeker
2,2023-08-20,Gaziantep FK,1–3,Sivasspor,Arda Kardeşler
2,2023-08-20,Beşiktaş,1–1,Pendikspor,Kadir Sağlam
2,2023-08-21,Samsunspor,0–2,Fenerbahçe,Volkan Bayarslan
2,2023-08-21,Ankaragücü,1–1,Adana Demirspor,Cihan Aydın
,,,,,
3,2023-08-25,Konyaspor,2–0,Gaziantep FK,Mete Kalkavan
3,2023-08-26,Kasımpaşa,1–1,Pendikspor,Yaşar Kemal Uğurlu
3,2023-08-26,Trabzonspor,2–3,Rizespor,Halil Umut Meler
3,2023-08-26,Sivasspor,1–1,Antalyaspor,Umit Öztürk
3,2023-08-27,Fatih Karagümrük,1–1,Ankaragücü,Turgut Doman
3,2023-08-27,Kayserispor,2–1,Samsunspor,Bahattin Şimşek
3,2023-08-27,Alanyaspor,0–0,Hatayspor,Direnç Tonusluoğlu
,,,,,
4,2023-09-01,Kasımpaşa,1–5,Trabzonspor,Erkan Özdamar
4,2023-09-01,Rizespor,1–0,Fatih Karagümrük,Murat Erdoğan
4,2023-09-02,Pendikspor,1–1,Alanyaspor,Abdulkadir Bitigen
4,2023-09-02,Başakşehir,0–1,Konyaspor,Atilla Karaoğlan
4,2023-09-02,Antalyaspor,1–1,Kayserispor,Yasin Kol
Wk,Date,Home,Score,Away,Referee
4,2023-09-02,Gaziantep FK,0–3,Galatasaray,Ali Şansalan
4,2023-09-03,Beşiktaş,2–0,Sivasspor,Zorbay Küçük
4,2023-09-03,Hatayspor,3–3,Adana Demirspor,Sarper Barış Saka
4,2023-09-03,Ankaragücü,0–1,Fenerbahçe,Arda Kardeşler
,,,,,
5,2023-09-16,Konyaspor,1–2,Rizespor,Bahattin Şimşek
5,2023-09-16,Kayserispor,2–0,Gaziantep FK,Umit Öztürk
5,2023-09-16,Galatasaray,4–2,Samsunspor,Cihan Aydın
5,2023-09-16,Adana Demirspor,3–0,Pendikspor,Mert Güzenge
5,2023-09-17,İstanbulspor,0–2,Başakşehir,Direnç Tonusluoğlu
5,2023-09-17,Fenerbahçe,3–2,Antalyaspor,Halil Umut Meler
5,2023-09-17,Trabzonspor,3–0,Beşiktaş,Volkan Bayarslan
5,2023-09-17,Alanyaspor,3–3,Kasımpaşa,Turgut Doman
5,2023-09-18,Fatih Karagümrük,0–0,Hatayspor,Yaşar Kemal Uğurlu
5,2023-09-18,Sivasspor,1–3,Ankaragücü,Çağdaş Altay
,,,,,
6,2023-09-22,Gaziantep FK,2–0,İstanbulspor,Murat Erdoğan
6,2023-09-23,Rizespor,1–1,Sivasspor,Burak Pakkan
6,2023-09-23,Pendikspor,1–1,Fatih Karagümrük,Tugay Kaan Numanoğlu
6,2023-09-23,Başakşehir,1–2,Galatasaray,Kadir Sağlam
6,2023-09-23,Antalyaspor,2–0,Samsunspor,Arda Kardeşler
6,2023-09-24,Ankaragücü,1–1,Konyaspor,Erkan Özdamar
6,2023-09-24,Beşiktaş,2–1,Kayserispor,Ali Şansalan
6,2023-09-24,Alanyaspor,0–1,Fenerbahçe,Atilla Karaoğlan
6,2023-09-24,Kasımpaşa,2–1,Adana Demirspor,Yasin Kol
6,2023-09-25,Hatayspor,3–2,Trabzonspor,Burak Şeker
,,,,,
3,2023-09-26,İstanbulspor,0–1,Galatasaray,Abdulkadir Bitigen
3,2023-09-27,Adana Demirspor,4–2,Beşiktaş,Umit Öztürk
3,2023-09-28,Fenerbahçe,4–0,Başakşehir,Zorbay Küçük
,,,,,
7,2023-09-29,Samsunspor,1–2,Gaziantep FK,Burak Pakkan
7,2023-09-30,Sivasspor,0–0,Hatayspor,Murat Erdoğan
7,2023-09-30,İstanbulspor,1–2,Antalyaspor,Çağdaş Altay
7,2023-09-30,Trabzonspor,2–1,Pendikspor,Bahattin Şimşek
Wk,Date,Home,Score,Away,Referee
7,2023-09-30,Galatasaray,2–1,Ankaragücü,Volkan Bayarslan
7,2023-10-01,Fatih Karagümrük,2–3,Kasımpaşa,Atilla Karaoğlan
7,2023-10-01,Fenerbahçe,5–0,Rizespor,Cihan Aydın
7,2023-10-01,Adana Demirspor,4–0,Alanyaspor,Ali Şansalan
7,2023-10-01,Konyaspor,0–2,Beşiktaş,Arda Kardeşler
7,2023-10-02,Kayserispor,0–0,Başakşehir,Halil Umut Meler
,,,,,
8,2023-10-06,Adana Demirspor,1–0,Trabzonspor,Kadir Sağlam
8,2023-10-06,Alanyaspor,2–1,Fatih Karagümrük,Direnç Tonusluoğlu
8,2023-10-07,Pendikspor,2–3,Sivasspor,Turgut Doman
8,2023-10-07,Ankaragücü,3–0,Kayserispor,Mert Güzenge
8,2023-10-07,Başakşehir,2–0,Gaziantep FK,Sarper Barış Saka
8,2023-10-07,Antalyaspor,0–2,Galatasaray,Zorbay Küçük
8,2023-10-08,Rizespor,1–0,Samsunspor,Abdulkadir Bitigen
8,2023-10-08,Beşiktaş,2–0,İstanbulspor,Tugay Kaan Numanoğlu
8,2023-10-08,Kasımpaşa,0–2,Fenerbahçe,Mete Kalkavan
8,2023-10-08,Hatayspor,3–1,Konyaspor,Umit Öztürk
,,,,,
9,2023-10-21,Kayserispor,3–1,Rizespor,Burak Şeker
9,2023-10-21,Gaziantep FK,1–0,Antalyaspor,Atilla Karaoğlan
9,2023-10-21,Konyaspor,1–2,Pendikspor,Çağdaş Altay
9,2023-10-21,Galatasaray,2–1,Beşiktaş,Halil Umut Meler
9,2023-10-22,Sivasspor,0–1,Kasımpaşa,Yaşar Kemal Uğurlu
9,2023-10-22,İstanbulspor,2–1,Ankaragücü,Yiğit Arslan
9,2023-10-22,Fenerbahçe,4–2,Hatayspor,Volkan Bayarslan
9,2023-10-22,Samsunspor,0–0,Başakşehir,Murat Erdoğan
9,2023-10-23,Trabzonspor,1–0,Alanyaspor,Arda Kardeşler
9,2023-10-23,Fatih Karagümrük,2–0,Adana Demirspor,Bahattin Şimşek
,,,,,
10,2023-10-27,Kasımpaşa,3–1,İstanbulspor,Erkan Özdamar
10,2023-10-27,Hatayspor,1–2,Kayserispor,Sarper Barış Saka
10,2023-10-28,Alanyaspor,1–2,Sivasspor,Mert Güzenge
10,2023-10-28,Rizespor,0–1,Galatasaray,Kadir Sağlam
10,2023-10-28,Adana Demirspor,3–0,Konyaspor,Turgut Doman
10,2023-10-29,Fatih Karagümrük,0–0,Trabzonspor,Ali Şansalan
Wk,Date,Home,Score,Away,Referee
10,2023-10-29,Antalyaspor,1–0,Başakşehir,Umit Öztürk
10,2023-10-29,Ankaragücü,2–0,Samsunspor,Cihan Aydın
10,2023-10-29,Pendikspor,0–5,Fenerbahçe,Abdulkadir Bitigen
10,2023-10-30,Beşiktaş,2–0,Gaziantep FK,Mete Kalkavan
,,,,,
11,2023-11-03,Galatasaray,2–1,Kasımpaşa,Arda Kardeşler
11,2023-11-04,İstanbulspor,2–4,Pendikspor,Murat Erdoğan
11,2023-11-04,Samsunspor,2–1,Hatayspor,Halil Umut Meler
11,2023-11-04,Fenerbahçe,2–3,Trabzonspor,Zorbay Küçük
11,2023-11-05,Sivasspor,1–1,Adana Demirspor,Burak Pakkan
11,2023-11-05,Konyaspor,1–1,Fatih Karagümrük,Mert Güzenge
11,2023-11-05,Başakşehir,3–3,Ankaragücü,Çağdaş Altay
11,2023-11-05,Antalyaspor,3–2,Beşiktaş,Yaşar Kemal Uğurlu
11,2023-11-06,Kayserispor,1–0,Alanyaspor,Tugay Kaan Numanoğlu
11,2023-11-06,Gaziantep FK,2–0,Rizespor,Ali Şansalan
,,,,,
4,2023-11-08,Samsunspor,2–1,İstanbulspor,Burak Şeker
,,,,,
12,2023-11-10,Trabzonspor,2–1,Konyaspor,Cihan Aydın
12,2023-11-10,Ankaragücü,0–4,Antalyaspor,Direnç Tonusluoğlu
12,2023-11-11,Kasımpaşa,3–4,Kayserispor,Çağdaş Altay
12,2023-11-11,Fatih Karagümrük,3–0,Sivasspor,Murat Erdoğan
12,2023-11-11,Alanyaspor,0–3,Gaziantep FK,Turgut Doman
12,2023-11-11,Hatayspor,2–1,Galatasaray,Bahattin Şimşek
12,2023-11-12,Pendikspor,1–0,Samsunspor,Burak Pakkan
12,2023-11-12,Beşiktaş,1–0,Başakşehir,Arda Kardeşler
12,2023-11-12,Rizespor,1–0,İstanbulspor,Sarper Barış Saka
12,2023-11-12,Adana Demirspor,0–0,Fenerbahçe,Halil Umut Meler
,,,,,
13,2023-11-25,İstanbulspor,2–1,Hatayspor,Tugay Kaan Numanoğlu
13,2023-11-25,Konyaspor,2–0,Kasımpaşa,Direnç Tonusluoğlu
13,2023-11-25,Gaziantep FK,0–1,Ankaragücü,Umit Öztürk
13,2023-11-25,Galatasaray,4–0,Alanyaspor,Ali Şansalan
13,2023-11-26,Kayserispor,1–1,Adana Demirspor,Kadir Sağlam
13,2023-11-26,Samsunspor,1–2,Beşiktaş,Abdulkadir Bitigen
Wk,Date,Home,Score,Away,Referee
13,2023-11-26,Antalyaspor,0–0,Rizespor,Turgut Doman
13,2023-11-26,Fenerbahçe,2–1,Fatih Karagümrük,Arda Kardeşler
13,2023-11-27,Sivasspor,3–3,Trabzonspor,Volkan Bayarslan
13,2023-11-27,Başakşehir,4–1,Pendikspor,Cihan Aydın
,,,,,
14,2023-12-01,Fatih Karagümrük,3–0,İstanbulspor,Kadir Sağlam
14,2023-12-01,Hatayspor,3–3,Antalyaspor,Yiğit Arslan
14,2023-12-02,Alanyaspor,2–2,Konyaspor,Burak Pakkan
14,2023-12-02,Rizespor,3–2,Başakşehir,Mert Güzenge
14,2023-12-02,Pendikspor,0–2,Galatasaray,Volkan Bayarslan
14,2023-12-02,Adana Demirspor,2–3,Samsunspor,Sarper Barış Saka
14,2023-12-03,Kasımpaşa,4–2,Gaziantep FK,Burak Şeker
14,2023-12-03,Trabzonspor,0–1,Kayserispor,Umit Öztürk
14,2023-12-03,Ankaragücü,1–1,Beşiktaş,Zorbay Küçük
14,2023-12-04,Fenerbahçe,4–1,Sivasspor,Bahattin Şimşek
,,,,,
15,2023-12-08,Galatasaray,3–1,Adana Demirspor,Abdulkadir Bitigen
15,2023-12-09,Antalyaspor,2–1,Fatih Karagümrük,Çağdaş Altay
15,2023-12-09,Samsunspor,4–2,Kasımpaşa,Zorbay Küçük
15,2023-12-09,Beşiktaş,1–3,Fenerbahçe,Atilla Karaoğlan
15,2023-12-10,İstanbulspor,0–1,Alanyaspor,Cihan Aydın
15,2023-12-10,Başakşehir,1–0,Hatayspor,Burak Şeker
15,2023-12-10,Kayserispor,2–0,Pendikspor,Turgut Doman
15,2023-12-10,Gaziantep FK,1–3,Trabzonspor,Arda Kardeşler
15,2023-12-11,Ankaragücü,1–1,Rizespor,Halil Umut Meler
15,2023-12-11,Konyaspor,0–1,Sivasspor,Tugay Kaan Numanoğlu
,,,,,
17,2023-12-19,Başakşehir,3–1,Sivasspor,Mete Kalkavan
17,2023-12-19,Gaziantep FK,2–2,Adana Demirspor,Bahattin Şimşek
17,2023-12-19,İstanbulspor,0–3,Trabzonspor,Ali Şansalan
17,2023-12-20,Kayserispor,3–4,Fenerbahçe,Zorbay Küçük
17,2023-12-20,Galatasaray,1–0,Fatih Karagümrük,Tugay Kaan Numanoğlu
17,2023-12-20,Antalyaspor,0–0,Kasımpaşa,Kadir Sağlam
17,2023-12-21,Samsunspor,1–1,Konyaspor,Murat Erdoğan
17,2023-12-21,Rizespor,5–1,Pendikspor,Direnç Tonusluoğlu
Wk,Date,Home,Score,Away,Referee
17,2023-12-21,Ankaragücü,0–0,Hatayspor,Abdulkadir Bitigen
17,2023-12-21,Beşiktaş,1–3,Alanyaspor,Umit Öztürk
,,,,,
18,2023-12-23,Sivasspor,1–0,İstanbulspor,Mert Güzenge
18,2023-12-23,Fatih Karagümrük,0–3,Gaziantep FK,Ali Şansalan
18,2023-12-23,Trabzonspor,1–1,Başakşehir,Volkan Bayarslan
18,2023-12-24,Konyaspor,2–0,Kayserispor,Bahattin Şimşek
18,2023-12-24,Adana Demirspor,2–1,Antalyaspor,Burak Pakkan
18,2023-12-24,Fenerbahçe,0–0,Galatasaray,Arda Kardeşler
18,2023-12-25,Alanyaspor,3–1,Samsunspor,Tugay Kaan Numanoğlu
18,2023-12-25,Kasımpaşa,2–2,Rizespor,Turgut Doman
18,2023-12-25,Pendikspor,1–1,Ankaragücü,Umit Öztürk
18,2023-12-25,Hatayspor,1–2,Beşiktaş,Kadir Sağlam
,,,,,
19,2024-01-05,Gaziantep FK,2–2,Pendikspor,Çağdaş Altay
19,2024-01-05,Beşiktaş,1–3,Kasımpaşa,Arda Kardeşler
19,2024-01-05,Antalyaspor,0–0,Alanyaspor,Mert Güzenge
19,2024-01-06,Rizespor,2–0,Hatayspor,Cihan Aydın
19,2024-01-06,Başakşehir,0–0,Adana Demirspor,Turgut Doman
19,2024-01-06,Ankaragücü,0–1,Trabzonspor,Burak Şeker
19,2024-01-06,Samsunspor,1–0,Fatih Karagümrük,Emre Kargın
19,2024-01-07,Kayserispor,1–3,Sivasspor,Alper Akarsu
19,2024-01-07,İstanbulspor,1–5,Fenerbahçe,Volkan Bayarslan
19,2024-01-07,Galatasaray,3–0,Konyaspor,Ali Şansalan
,,,,,
16,2024-01-09,Pendikspor,0–1,Antalyaspor,Oğuzhan Çakir
16,2024-01-09,Alanyaspor,1–1,Ankaragücü,Direnç Tonusluoğlu
16,2024-01-09,Kasımpaşa,0–3,Başakşehir,Burak Pakkan
16,2024-01-09,Rizespor,0–4,Beşiktaş,Abdulkadir Bitigen
16,2024-01-10,Fatih Karagümrük,4–1,Kayserispor,Burak Şeker
16,2024-01-10,Hatayspor,0–0,Gaziantep FK,Umit Öztürk
16,2024-01-10,Adana Demirspor,2–2,İstanbulspor,Murat Erdoğan
16,2024-01-10,Fenerbahçe,7–1,Konyaspor,Kadir Sağlam
16,2024-01-11,Sivasspor,1–1,Galatasaray,Zorbay Küçük
16,2024-01-11,Trabzonspor,2–1,Samsunspor,Cihan Aydın
Wk,Date,Home,Score,Away,Referee
,,,,,
20,2024-01-13,Hatayspor,1–1,Pendikspor,Muhammetali Metoğlu
20,2024-01-13,Ankaragücü,3–1,Kasımpaşa,Ömer Faruk Turtay
20,2024-01-13,Başakşehir,3–2,Alanyaspor,Arda Kardeşler
20,2024-01-13,Beşiktaş,3–0,Fatih Karagümrük,Mert Güzenge
20,2024-01-13,Rizespor,1–0,Adana Demirspor,Volkan Bayarslan
20,2024-01-14,İstanbulspor,0–0,Konyaspor,Halil Umut Meler
20,2024-01-14,Samsunspor,2–0,Sivasspor,Burak Şeker
20,2024-01-14,Antalyaspor,1–1,Trabzonspor,Bahattin Şimşek
20,2024-01-14,Gaziantep FK,0–1,Fenerbahçe,Tugay Kaan Numanoğlu
20,2024-01-15,Galatasaray,2–1,Kayserispor,Atilla Karaoğlan
,,,,,
21,2024-01-20,Kasımpaşa,3–0,Hatayspor,Abdullah Taşkınsoy
21,2024-01-20,Alanyaspor,2–1,Rizespor,Ali Şansalan
21,2024-01-20,Fatih Karagümrük,1–1,Başakşehir,Umit Öztürk
21,2024-01-20,Adana Demirspor,1–1,Ankaragücü,Arda Kardeşler
21,2024-01-20,Pendikspor,4–0,Beşiktaş,Tugay Kaan Numanoğlu
21,2024-01-21,Sivasspor,2–2,Gaziantep FK,Kadir Sağlam
21,2024-01-21,Fenerbahçe,1–1,Samsunspor,Bahattin Şimşek
21,2024-01-21,Konyaspor,1–1,Antalyaspor,Zorbay Küçük
21,2024-01-21,Trabzonspor,1–5,Galatasaray,Abdulkadir Bitigen
21,2024-01-22,Kayserispor,0–1,İstanbulspor,Cihan Aydın
,,,,,
22,2024-01-23,Hatayspor,1–1,Alanyaspor,Emre Kargın
22,2024-01-23,Beşiktaş,0–0,Adana Demirspor,Atilla Karaoğlan
22,2024-01-23,Pendikspor,3–2,Kasımpaşa,Burak Şeker
22,2024-01-24,Gaziantep FK,1–1,Konyaspor,Volkan Bayarslan
22,2024-01-24,Ankaragücü,2–0,Fatih Karagümrük,Muhammetali Metoğlu
22,2024-01-24,Başakşehir,0–1,Fenerbahçe,Abdulkadir Bitigen
22,2024-01-24,Antalyaspor,2–1,Sivasspor,Turgut Doman
22,2024-01-25,Samsunspor,2–0,Kayserispor,Çağdaş Altay
22,2024-01-25,Rizespor,1–0,Trabzonspor,Umit Öztürk
22,2024-01-25,Galatasaray,3–1,İstanbulspor,Bahattin Şimşek
,,,,,
23,2024-01-27,Alanyaspor,1–1,Pendikspor,Volkan Bayarslan
Wk,Date,Home,Score,Away,Referee
23,2024-01-27,Adana Demirspor,0–1,Hatayspor,Mert Güzenge
23,2024-01-28,Konyaspor,2–3,Başakşehir,Alper Akarsu
23,2024-01-28,Fatih Karagümrük,4–0,Rizespor,Turgut Doman
23,2024-01-28,Sivasspor,1–0,Beşiktaş,Ali Şansalan
23,2024-01-28,Fenerbahçe,2–1,Ankaragücü,Cihan Aydın
23,2024-01-29,İstanbulspor,1–1,Samsunspor,Ömer Faruk Turtay
23,2024-01-29,Kayserispor,1–1,Antalyaspor,Direnç Tonusluoğlu
23,2024-01-29,Galatasaray,2–1,Gaziantep FK,Arda Kardeşler
23,2024-01-29,Trabzonspor,2–3,Kasımpaşa,Tugay Kaan Numanoğlu
,,,,,
24,2024-02-02,Hatayspor,3–1,Fatih Karagümrük,Ömer Faruk Turtay
24,2024-02-02,Ankaragücü,0–0,Sivasspor,Abdulkadir Bitigen
24,2024-02-02,Samsunspor,0–2,Galatasaray,Tugay Kaan Numanoğlu
24,2024-02-03,Rizespor,0–0,Konyaspor,Cihan Aydın
24,2024-02-03,Başakşehir,2–0,İstanbulspor,Emre Kargın
24,2024-02-03,Gaziantep FK,1–1,Kayserispor,Murat Erdoğan
24,2024-02-03,Antalyaspor,0–2,Fenerbahçe,Volkan Bayarslan
24,2024-02-04,Pendikspor,2–1,Adana Demirspor,Direnç Tonusluoğlu
24,2024-02-04,Kasımpaşa,2–1,Alanyaspor,Oğuzhan Çakir
24,2024-02-04,Beşiktaş,2–0,Trabzonspor,Arda Kardeşler
,,,,,
25,2024-02-09,Adana Demirspor,1–3,Kasımpaşa,Burak Pakkan
25,2024-02-10,Fatih Karagümrük,2–0,Pendikspor,Zorbay Küçük
25,2024-02-10,Galatasaray,2–0,Başakşehir,Cihan Aydın
25,2024-02-11,Sivasspor,1–0,Rizespor,Emre Kargın
25,2024-02-11,Konyaspor,1–0,Ankaragücü,Direnç Tonusluoğlu
25,2024-02-11,İstanbulspor,1–3,Gaziantep FK,Abdulkadir Bitigen
25,2024-02-11,Fenerbahçe,2–2,Alanyaspor,Çağdaş Altay
25,2024-02-12,Trabzonspor,2–0,Hatayspor,Ali Şansalan
25,2024-02-12,Samsunspor,2–0,Antalyaspor,Atilla Karaoğlan
25,2024-02-12,Kayserispor,0–0,Beşiktaş,Kadir Sağlam
,,,,,
26,2024-02-16,Kasımpaşa,1–1,Fatih Karagümrük,Kadir Sağlam
26,2024-02-17,Antalyaspor,2–2,İstanbulspor,Mehmet Türkmen
26,2024-02-17,Hatayspor,1–1,Sivasspor,Umit Öztürk
Wk,Date,Home,Score,Away,Referee
26,2024-02-17,Rizespor,1–3,Fenerbahçe,Arda Kardeşler
26,2024-02-18,Alanyaspor,3–3,Adana Demirspor,Bahattin Şimşek
26,2024-02-18,Pendikspor,0–2,Trabzonspor,Halil Umut Meler
26,2024-02-18,Gaziantep FK,1–1,Samsunspor,Zorbay Küçük
26,2024-02-18,Ankaragücü,0–3,Galatasaray,Ali Şansalan
26,2024-02-19,Başakşehir,2–3,Kayserispor,Oğuzhan Çakir
26,2024-02-19,Beşiktaş,2–0,Konyaspor,Tugay Kaan Numanoğlu
,,,,,
27,2024-02-23,Samsunspor,3–0,Rizespor,Murat Erdoğan
27,2024-02-24,Kayserispor,3–2,Ankaragücü,Turgut Doman
27,2024-02-24,Gaziantep FK,0–2,Başakşehir,Ali Şansalan
27,2024-02-24,Konyaspor,2–0,Hatayspor,Zorbay Küçük
27,2024-02-24,Fenerbahçe,2–1,Kasımpaşa,Cihan Aydın
27,2024-02-25,Sivasspor,4–1,Pendikspor,Burak Pakkan
27,2024-02-25,Fatih Karagümrük,1–1,Alanyaspor,Tugay Kaan Numanoğlu
27,2024-02-25,Trabzonspor,1–0,Adana Demirspor,Burak Şeker
27,2024-02-25,İstanbulspor,0–2,Beşiktaş,Atilla Karaoğlan
27,2024-02-26,Galatasaray,2–1,Antalyaspor,Abdulkadir Bitigen
,,,,,
28,2024-03-01,Kasımpaşa,0–0,Sivasspor,Burak Şeker
28,2024-03-02,Ankaragücü,1–1,İstanbulspor,Muhammetali Metoğlu
28,2024-03-02,Rizespor,3–0,Kayserispor,Burak Pakkan
28,2024-03-02,Hatayspor,0–2,Fenerbahçe,Atilla Karaoğlan
28,2024-03-03,Başakşehir,1–0,Samsunspor,Abdullah Taşkınsoy
28,2024-03-03,Pendikspor,0–2,Konyaspor,Umit Öztürk
28,2024-03-03,Beşiktaş,0–1,Galatasaray,Halil Umut Meler
28,2024-03-04,Adana Demirspor,1–0,Fatih Karagümrük,Murat Erdoğan
28,2024-03-04,Antalyaspor,1–0,Gaziantep FK,Direnç Tonusluoğlu
28,2024-03-04,Alanyaspor,3–1,Trabzonspor,Volkan Bayarslan
,,,,,
29,2024-03-08,Galatasaray,6–2,Rizespor,Bahattin Şimşek
29,2024-03-09,Sivasspor,1–2,Alanyaspor,Ali Şansalan
29,2024-03-09,Konyaspor,2–2,Adana Demirspor,Volkan Bayarslan
29,2024-03-09,Trabzonspor,5–1,Fatih Karagümrük,Zorbay Küçük
29,2024-03-09,Başakşehir,1–0,Antalyaspor,Mert Güzenge
Wk,Date,Home,Score,Away,Referee
29,2024-03-10,Kayserispor,1–1,Hatayspor,Halil Umut Meler
29,2024-03-10,İstanbulspor,1–2,Kasımpaşa,Çağdaş Altay
29,2024-03-10,Samsunspor,2–1,Ankaragücü,Umit Öztürk
29,2024-03-10,Fenerbahçe,4–1,Pendikspor,Kadir Sağlam
29,2024-03-11,Gaziantep FK,2–0,Beşiktaş,Arda Kardeşler
,,,,,
30,2024-03-15,Fatih Karagümrük,1–1,Konyaspor,Bahattin Şimşek
30,2024-03-15,Pendikspor,1–0,İstanbulspor,Oğuzhan Çakir
30,2024-03-16,Alanyaspor,1–0,Kayserispor,Emre Kargın
30,2024-03-16,Ankaragücü,2–1,Başakşehir,Cihan Aydın
30,2024-03-16,Beşiktaş,1–2,Antalyaspor,Burak Pakkan
30,2024-03-16,Adana Demirspor,4–1,Sivasspor,Tugay Kaan Numanoğlu
30,2024-03-17,Rizespor,3–1,Gaziantep FK,Abdulkadir Bitigen
30,2024-03-17,Kasımpaşa,3–4,Galatasaray,Atilla Karaoğlan
30,2024-03-17,Hatayspor,3–0,Samsunspor,Burak Şeker
30,2024-03-17,Trabzonspor,2–3,Fenerbahçe,Halil Umut Meler
,,,,,
31,2024-04-02,İstanbulspor,0–4,Rizespor,Alper Akarsu
31,2024-04-02,Gaziantep FK,0–3,Alanyaspor,Umit Öztürk
31,2024-04-02,Antalyaspor,1–1,Ankaragücü,Çağdaş Altay
31,2024-04-02,Galatasaray,1–0,Hatayspor,Ali Şansalan
31,2024-04-03,Sivasspor,1–0,Fatih Karagümrük,Turgut Doman
31,2024-04-03,Fenerbahçe,4–2,Adana Demirspor,Arda Kardeşler
31,2024-04-03,Kayserispor,0–2,Kasımpaşa,Ömer Faruk Turtay
31,2024-04-03,Konyaspor,1–3,Trabzonspor,Atilla Karaoğlan
31,2024-04-04,Başakşehir,1–1,Beşiktaş,Zorbay Küçük
31,2024-04-04,Samsunspor,0–0,Pendikspor,Bahattin Şimşek
,,,,,
32,2024-04-12,Trabzonspor,0–1,Sivasspor,Umit Öztürk
32,2024-04-13,Kasımpaşa,0–2,Konyaspor,Zorbay Küçük
32,2024-04-13,Ankaragücü,3–1,Gaziantep FK,Ali Şansalan
32,2024-04-13,Adana Demirspor,0–0,Kayserispor,Mehmet Türkmen
32,2024-04-13,Beşiktaş,1–1,Samsunspor,Direnç Tonusluoğlu
32,2024-04-14,Pendikspor,2–3,Başakşehir,Halil Umut Meler
32,2024-04-14,Hatayspor,0–3,İstanbulspor,Mert Güzenge
Wk,Date,Home,Score,Away,Referee
32,2024-04-14,Rizespor,3–0,Antalyaspor,Emre Kargın
32,2024-04-14,Fatih Karagümrük,1–2,Fenerbahçe,Tugay Kaan Numanoğlu
32,2024-04-15,Alanyaspor,0–4,Galatasaray,Cihan Aydın
,,,,,
33,2024-04-19,Beşiktaş,2–0,Ankaragücü,Bahattin Şimşek
33,2024-04-20,İstanbulspor,1–2,Fatih Karagümrük,Burak Şeker
33,2024-04-20,Konyaspor,0–2,Alanyaspor,Oğuzhan Çakir
33,2024-04-20,Samsunspor,1–1,Adana Demirspor,Murat Erdoğan
33,2024-04-20,Kayserispor,1–2,Trabzonspor,Çağdaş Altay
33,2024-04-21,Başakşehir,2–0,Rizespor,Arda Kardeşler
33,2024-04-21,Galatasaray,4–1,Pendikspor,Direnç Tonusluoğlu
33,2024-04-21,Gaziantep FK,2–0,Kasımpaşa,Kadir Sağlam
33,2024-04-21,Antalyaspor,2–1,Hatayspor,Abdulkadir Bitigen
33,2024-04-22,Sivasspor,2–2,Fenerbahçe,Cihan Aydın
,,,,,
34,2024-04-26,Adana Demirspor,0–3,Galatasaray,Bahattin Şimşek
34,2024-04-27,Sivasspor,1–0,Konyaspor,Murat Erdoğan
34,2024-04-27,Kasımpaşa,1–0,Samsunspor,Halil Umut Meler
34,2024-04-27,Hatayspor,1–2,Başakşehir,Atilla Karaoğlan
34,2024-04-27,Fenerbahçe,2–1,Beşiktaş,Volkan Bayarslan
34,2024-04-28,Alanyaspor,6–0,İstanbulspor,Muhammetali Metoğlu
34,2024-04-28,Pendikspor,1–2,Kayserispor,Zorbay Küçük
34,2024-04-28,Trabzonspor,4–2,Gaziantep FK,Direnç Tonusluoğlu
34,2024-04-28,Rizespor,2–2,Ankaragücü,Turgut Doman
34,2024-04-29,Fatih Karagümrük,4–1,Antalyaspor,Kadir Sağlam
,,,,,
35,2024-05-03,Beşiktaş,3–2,Rizespor,Ali Şansalan
35,2024-05-03,Ankaragücü,1–1,Alanyaspor,Emre Kargın
35,2024-05-04,İstanbulspor,0–1,Adana Demirspor,Abdullah Taşkınsoy
35,2024-05-04,Kayserispor,2–2,Fatih Karagümrük,Atilla Karaoğlan
35,2024-05-04,Samsunspor,3–1,Trabzonspor,Abdulkadir Bitigen
35,2024-05-05,Başakşehir,4–1,Kasımpaşa,Mert Güzenge
35,2024-05-05,Galatasaray,6–1,Sivasspor,Arda Kardeşler
35,2024-05-05,Gaziantep FK,1–1,Hatayspor,Halil Umut Meler
35,2024-05-06,Antalyaspor,1–2,Pendikspor,Tugay Kaan Numanoğlu
Wk,Date,Home,Score,Away,Referee
35,2024-05-06,Konyaspor,0–0,Fenerbahçe,Bahattin Şimşek
,,,,,
36,2024-05-12,Alanyaspor,1–1,Beşiktaş,Tugay Kaan Numanoğlu
36,2024-05-12,Trabzonspor,3–0,İstanbulspor,Emre Kargın
36,2024-05-12,Konyaspor,3–0,Samsunspor,Kadir Sağlam
36,2024-05-12,Fenerbahçe,3–0,Kayserispor,Direnç Tonusluoğlu
36,2024-05-12,Pendikspor,2–1,Rizespor,Atilla Karaoğlan
36,2024-05-12,Kasımpaşa,3–1,Antalyaspor,Oğuzhan Çakir
36,2024-05-12,Hatayspor,2–1,Ankaragücü,Ali Şansalan
36,2024-05-12,Sivasspor,0–1,Başakşehir,Bahattin Şimşek
36,2024-05-12,Fatih Karagümrük,2–3,Galatasaray,Volkan Bayarslan
36,2024-05-12,Adana Demirspor,1–6,Gaziantep FK,Abdulkadir Bitigen
,,,,,
37,2024-05-17,İstanbulspor,1–3,Sivasspor,Ömer Faruk Turtay
37,2024-05-17,Antalyaspor,2–1,Adana Demirspor,Turgut Doman
37,2024-05-18,Beşiktaş,2–2,Hatayspor,Cihan Aydın
37,2024-05-18,Kayserispor,2–2,Konyaspor,Halil Umut Meler
37,2024-05-18,Ankaragücü,0–0,Pendikspor,Volkan Bayarslan
37,2024-05-18,Samsunspor,1–1,Alanyaspor,Mert Güzenge
37,2024-05-18,Gaziantep FK,3–1,Fatih Karagümrük,Zorbay Küçük
37,2024-05-18,Rizespor,0–0,Kasımpaşa,Burak Pakkan
37,2024-05-18,Başakşehir,0–1,Trabzonspor,Tugay Kaan Numanoğlu
37,2024-05-19,Galatasaray,0–1,Fenerbahçe,Arda Kardeşler
,,,,,
38,2024-05-24,Alanyaspor,1–1,Antalyaspor,Halil Umut Meler
38,2024-05-25,Fatih Karagümrük,3–1,Samsunspor,Mehmet Türkmen
38,2024-05-25,Sivasspor,2–1,Kayserispor,Murat Erdoğan
38,2024-05-26,Hatayspor,2–0,Rizespor,Abdulkadir Bitigen
38,2024-05-26,Konyaspor,1–3,Galatasaray,Tugay Kaan Numanoğlu
38,2024-05-26,Adana Demirspor,2–6,Başakşehir,Burak Şeker
38,2024-05-26,Fenerbahçe,6–0,İstanbulspor,Volkan Bayarslan
38,2024-05-26,Kasımpaşa,2–1,Beşiktaş,Bahattin Şimşek
38,2024-05-26,Trabzonspor,4–2,Ankaragücü,Atilla Karaoğlan
38,2024-05-26,Pendikspor,0–1,Gaziantep FK,Direnç Tonusluoğlu
,,,,,
Wk,Date,Home,Score,Away,Referee
1,2024-08-09,Galatasaray,2–1,Hatayspor,Turgut Doman
1,2024-08-10,Kasımpaşa,2–3,Konyaspor,Muhammetali Metoğlu
1,2024-08-10,Antalyaspor,0–0,Göztepe,Zorbay Küçük
1,2024-08-10,Fenerbahçe,1–0,Adana Demirspor,Atilla Karaoğlan
1,2024-08-11,Sivasspor,0–0,Trabzonspor,Cihan Aydın
1,2024-08-11,Samsunspor,0–2,Beşiktaş,Ali Şansalan
1,2024-08-11,Alanyaspor,1–1,Eyüpspor,Oğuzhan Çakir
1,2024-08-12,Rizespor,1–1,Başakşehir,Direnç Tonusluoğlu
1,2024-08-12,BB Bodrumspor,0–1,Gaziantep FK,Mehmet Türkmen
,,,,,
2,2024-08-16,Konyaspor,1–2,Galatasaray,Direnç Tonusluoğlu
2,2024-08-17,Kayserispor,1–2,Sivasspor,Turgut Doman
2,2024-08-17,Adana Demirspor,1–2,Rizespor,Cihan Aydın
2,2024-08-17,Göztepe,2–2,Fenerbahçe,Kadir Sağlam
2,2024-08-18,Başakşehir,4–2,Alanyaspor,Arda Kardeşler
2,2024-08-18,Gaziantep FK,0–1,Samsunspor,Emre Kargın
2,2024-08-18,Beşiktaş,4–2,Antalyaspor,Mehmet Türkmen
2,2024-08-19,Hatayspor,1–1,Kasımpaşa,Oğuzhan Çakir
2,2024-08-19,Eyüpspor,4–1,BB Bodrumspor,Halil Umut Meler
,,,,,
3,2024-08-23,Alanyaspor,1–1,Göztepe,Muhammetali Metoğlu
3,2024-08-24,Sivasspor,0–1,Eyüpspor,Zorbay Küçük
3,2024-08-24,BB Bodrumspor,3–1,Konyaspor,Çağdaş Altay
3,2024-08-25,Kasımpaşa,2–2,Adana Demirspor,Abdullah Taşkınsoy
3,2024-08-25,Rizespor,0–5,Fenerbahçe,Turgut Doman
3,2024-08-25,Antalyaspor,3–2,Hatayspor,Atilla Karaoğlan
,,,,,
4,2024-08-30,Fenerbahçe,3–0,Alanyaspor,Mehmet Türkmen
4,2024-08-31,Rizespor,0–1,Kasımpaşa,Ali Şansalan
4,2024-08-31,Konyaspor,0–0,Kayserispor,Emre Kargın
4,2024-08-31,Adana Demirspor,1–5,Galatasaray,Kadir Sağlam
4,2024-08-31,Göztepe,2–0,BB Bodrumspor,Abdullah Taşkınsoy
4,2024-09-01,Eyüpspor,0–0,Trabzonspor,Atilla Karaoğlan
4,2024-09-01,Başakşehir,5–2,Antalyaspor,Oğuzhan Çakir
4,2024-09-01,Hatayspor,0–3,Samsunspor,Cihan Aydın
Wk,Date,Home,Score,Away,Referee
4,2024-09-01,Beşiktaş,2–0,Sivasspor,Direnç Tonusluoğlu
,,,,,
5,2024-09-14,Samsunspor,0–1,Konyaspor,Oğuzhan Çakir
5,2024-09-14,Sivasspor,3–2,Gaziantep FK,Muhammetali Metoğlu
5,2024-09-14,Galatasaray,5–0,Rizespor,Arda Kardeşler
5,2024-09-14,BB Bodrumspor,0–1,Başakşehir,Zorbay Küçük
5,2024-09-15,Kasımpaşa,0–2,Fenerbahçe,Halil Umut Meler
5,2024-09-15,Kayserispor,2–2,Eyüpspor,Ömer Tolga Güldibi
5,2024-09-15,Trabzonspor,1–1,Beşiktaş,Ali Şansalan
5,2024-09-15,Alanyaspor,0–0,Hatayspor,Ozan Ergün
5,2024-09-16,Antalyaspor,2–1,Adana Demirspor,Yasin Kol
,,,,,
3,2024-09-17,Galatasaray,3–1,Gaziantep FK,Cihan Aydın
3,2024-09-18,Samsunspor,2–0,Başakşehir,Direnç Tonusluoğlu
3,2024-09-19,Trabzonspor,2–2,Kayserispor,Mehmet Türkmen
,,,,,
6,2024-09-20,Hatayspor,0–1,BB Bodrumspor,Umit Öztürk
6,2024-09-21,Konyaspor,0–0,Sivasspor,Yasin Kol
6,2024-09-21,Fenerbahçe,1–3,Galatasaray,Atilla Karaoğlan
6,2024-09-22,Rizespor,0–1,Samsunspor,Kadir Sağlam
6,2024-09-22,Kasımpaşa,0–0,Antalyaspor,Burak Pakkan
6,2024-09-22,Beşiktaş,2–1,Eyüpspor,Zorbay Küçük
6,2024-09-22,Adana Demirspor,0–2,Alanyaspor,Emre Kargın
6,2024-09-23,Gaziantep FK,0–0,Trabzonspor,Volkan Bayarslan
6,2024-09-23,Göztepe,3–0,Kayserispor,Ozan Ergün
,,,,,
7,2024-09-27,Sivasspor,1–2,Başakşehir,Çağdaş Altay
7,2024-09-28,Samsunspor,4–3,Göztepe,Mehmet Türkmen
7,2024-09-28,Alanyaspor,1–0,Rizespor,Abdullah Taşkınsoy
7,2024-09-28,Galatasaray,3–3,Kasımpaşa,Oğuzhan Çakir
7,2024-09-29,Eyüpspor,3–2,Gaziantep FK,Arda Kardeşler
7,2024-09-29,Trabzonspor,3–2,Konyaspor,Halil Umut Meler
7,2024-09-29,Antalyaspor,0–2,Fenerbahçe,Cihan Aydın
7,2024-09-29,BB Bodrumspor,3–1,Adana Demirspor,Turgut Doman
7,2024-09-30,Kayserispor,0–3,Beşiktaş,Atilla Karaoğlan
Wk,Date,Home,Score,Away,Referee
,,,,,
8,2024-10-04,Rizespor,2–1,Antalyaspor,Burak Pakkan
8,2024-10-05,Kasımpaşa,0–0,BB Bodrumspor,Direnç Tonusluoğlu
8,2024-10-05,Göztepe,3–2,Sivasspor,Ali Şansalan
8,2024-10-05,Başakşehir,1–1,Kayserispor,Yasin Kol
8,2024-10-05,Hatayspor,1–1,Trabzonspor,Kadir Sağlam
8,2024-10-06,Konyaspor,2–1,Eyüpspor,Erkan Özdamar
8,2024-10-06,Adana Demirspor,1–3,Samsunspor,Alper Akarsu
8,2024-10-06,Galatasaray,1–0,Alanyaspor,Mehmet Türkmen
8,2024-10-06,Gaziantep FK,1–1,Beşiktaş,Muhammetali Metoğlu
,,,,,
9,2024-10-19,Kayserispor,2–2,Gaziantep FK,Halil Umut Meler
9,2024-10-19,Trabzonspor,1–0,Başakşehir,Zorbay Küçük
9,2024-10-19,Antalyaspor,0–3,Galatasaray,Ali Şansalan
9,2024-10-19,Eyüpspor,1–0,Göztepe,Turgut Doman
9,2024-10-20,Sivasspor,3–2,Hatayspor,Mehmet Türkmen
9,2024-10-20,Beşiktaş,2–0,Konyaspor,Kadir Sağlam
9,2024-10-20,Samsunspor,2–2,Fenerbahçe,Muhammetali Metoğlu
9,2024-10-20,Alanyaspor,1–2,Kasımpaşa,Cihan Aydın
9,2024-10-21,BB Bodrumspor,0–1,Rizespor,Oğuzhan Çakir
,,,,,
10,2024-10-25,Adana Demirspor,2–4,Sivasspor,Atilla Karaoğlan
10,2024-10-26,Hatayspor,0–1,Kayserispor,Zorbay Küçük
10,2024-10-26,Kasımpaşa,1–4,Samsunspor,Çağdaş Altay
10,2024-10-26,Göztepe,2–1,Trabzonspor,Cihan Aydın
10,2024-10-27,Gaziantep FK,3–1,Konyaspor,Burak Pakkan
10,2024-10-27,Alanyaspor,1–2,Antalyaspor,Yasin Kol
10,2024-10-27,Fenerbahçe,2–0,BB Bodrumspor,Mehmet Türkmen
10,2024-10-28,Başakşehir,1–1,Eyüpspor,Abdullah Taşkınsoy
10,2024-10-28,Galatasaray,2–1,Beşiktaş,Arda Kardeşler
,,,,,
11,2024-11-01,Gaziantep FK,2–1,Göztepe,Kadir Sağlam
11,2024-11-02,Sivasspor,2–1,Rizespor,Cihan Aydın
11,2024-11-02,Kayserispor,0–0,Adana Demirspor,Muhammetali Metoğlu
11,2024-11-02,Beşiktaş,1–3,Kasımpaşa,Zorbay Küçük
Wk,Date,Home,Score,Away,Referee
11,2024-11-03,Konyaspor,3–2,Başakşehir,Emre Kargın
11,2024-11-03,Eyüpspor,2–0,Hatayspor,Yasin Kol
11,2024-11-03,BB Bodrumspor,0–0,Alanyaspor,Ali Şansalan
11,2024-11-03,Trabzonspor,2–3,Fenerbahçe,Oğuzhan Çakir
11,2024-11-04,Samsunspor,2–0,Antalyaspor,Direnç Tonusluoğlu
,,,,,
12,2024-11-08,Kasımpaşa,1–2,Kayserispor,Mehmet Türkmen
12,2024-11-09,Antalyaspor,3–2,BB Bodrumspor,Alper Akarsu
12,2024-11-09,Hatayspor,3–1,Gaziantep FK,Cihan Aydın
12,2024-11-09,Adana Demirspor,0–1,Eyüpspor,Direnç Tonusluoğlu
12,2024-11-09,Rizespor,3–1,Trabzonspor,Zorbay Küçük
12,2024-11-10,Göztepe,2–0,Konyaspor,Muhammetali Metoğlu
12,2024-11-10,Galatasaray,3–2,Samsunspor,Halil Umut Meler
12,2024-11-10,Başakşehir,0–0,Beşiktaş,Turgut Doman
12,2024-11-10,Fenerbahçe,4–0,Sivasspor,Kadir Sağlam
,,,,,
13,2024-11-23,Eyüpspor,1–2,Rizespor,Ali Şansalan
13,2024-11-23,Kayserispor,2–6,Fenerbahçe,Direnç Tonusluoğlu
13,2024-11-23,Gaziantep FK,3–0,Başakşehir,Ozan Ergün
13,2024-11-23,BB Bodrumspor,0–1,Galatasaray,Muhammetali Metoğlu
13,2024-11-24,Sivasspor,0–0,Kasımpaşa,Burak Pakkan
13,2024-11-24,Konyaspor,1–1,Hatayspor,Oğuzhan Çakir
13,2024-11-24,Samsunspor,1–1,Alanyaspor,Zorbay Küçük
13,2024-11-24,Beşiktaş,2–4,Göztepe,Alper Akarsu
13,2024-11-25,Trabzonspor,5–0,Adana Demirspor,Mehmet Türkmen
,,,,,
14,2024-11-29,Antalyaspor,2–1,Sivasspor,Yasin Kol
14,2024-11-30,Samsunspor,4–0,BB Bodrumspor,Ozan Ergün
14,2024-11-30,Adana Demirspor,0–1,Konyaspor,Atilla Karaoğlan
14,2024-11-30,Başakşehir,4–1,Göztepe,Çağdaş Altay
14,2024-11-30,Alanyaspor,2–1,Trabzonspor,Burak Pakkan
14,2024-12-01,Rizespor,3–0,Kayserispor,Emre Kargın
14,2024-12-01,Galatasaray,2–2,Eyüpspor,Oğuzhan Çakir
14,2024-12-02,Hatayspor,1–1,Beşiktaş,Kadir Sağlam
14,2024-12-02,Fenerbahçe,3–1,Gaziantep FK,Alper Akarsu
Wk,Date,Home,Score,Away,Referee
,,,,,
15,2024-12-06,Trabzonspor,2–2,Kasımpaşa,Zorbay Küçük
15,2024-12-07,Konyaspor,1–1,Antalyaspor,Halil Umut Meler
15,2024-12-07,Göztepe,3–1,Adana Demirspor,Ali Şansalan
15,2024-12-07,Beşiktaş,1–0,Fenerbahçe,Mehmet Türkmen
15,2024-12-08,Eyüpspor,3–0,Samsunspor,Atilla Karaoğlan
15,2024-12-08,Kayserispor,2–0,Alanyaspor,Ozan Ergün
15,2024-12-08,Sivasspor,2–3,Galatasaray,Turgut Doman
15,2024-12-08,Başakşehir,3–0,Hatayspor,Emre Kargın
15,2024-12-09,Gaziantep FK,1–0,Rizespor,Direnç Tonusluoğlu
,,,,,
16,2024-12-13,BB Bodrumspor,2–0,Sivasspor,Cihan Aydın
16,2024-12-13,Kasımpaşa,2–0,Eyüpspor,Halil Umut Meler
16,2024-12-14,Rizespor,1–1,Konyaspor,Alper Akarsu
16,2024-12-14,Alanyaspor,3–0,Gaziantep FK,Emre Kargın
16,2024-12-15,Hatayspor,1–1,Göztepe,Atilla Karaoğlan
16,2024-12-15,Antalyaspor,2–0,Kayserispor,Ali Şansalan
16,2024-12-15,Fenerbahçe,3–1,Başakşehir,Ozan Ergün
16,2024-12-16,Adana Demirspor,2–1,Beşiktaş,Oğuzhan Çakir
16,2024-12-16,Galatasaray,4–3,Trabzonspor,Kadir Sağlam
,,,,,
17,2024-12-20,Eyüpspor,1–1,Fenerbahçe,Emre Kargın
17,2024-12-21,Sivasspor,0–0,Samsunspor,Ali Şansalan
17,2024-12-21,Beşiktaş,1–1,Alanyaspor,Cihan Aydın
17,2024-12-22,Gaziantep FK,2–0,Antalyaspor,Oğuzhan Çakir
17,2024-12-22,Kayserispor,1–5,Galatasaray,Mehmet Türkmen
17,2024-12-22,Göztepe,3–0,Rizespor,Zorbay Küçük
17,2024-12-22,Trabzonspor,1–0,BB Bodrumspor,Ozan Ergün
17,2024-12-23,Hatayspor,1–3,Adana Demirspor,Direnç Tonusluoğlu
17,2024-12-23,Başakşehir,2–2,Kasımpaşa,Alper Akarsu
,,,,,
18,2025-01-03,Alanyaspor,2–1,Konyaspor,Zorbay Küçük
18,2025-01-03,Rizespor,1–1,Beşiktaş,Ozan Ergün
18,2025-01-04,Adana Demirspor,0–1,Başakşehir,Erkan Özdamar
18,2025-01-04,Antalyaspor,1–4,Eyüpspor,Muhammetali Metoğlu
Wk,Date,Home,Score,Away,Referee
18,2025-01-04,Galatasaray,2–1,Göztepe,Alper Akarsu
18,2025-01-04,Samsunspor,2–1,Trabzonspor,Mehmet Türkmen
18,2025-01-05,Kasımpaşa,2–2,Gaziantep FK,Cihan Aydın
18,2025-01-05,BB Bodrumspor,1–1,Kayserispor,Yasin Kol
18,2025-01-05,Fenerbahçe,2–1,Hatayspor,Oğuzhan Çakir
,,,,,
19,2025-01-11,Kayserispor,0–1,Samsunspor,Zorbay Küçük
19,2025-01-11,Hatayspor,1–2,Rizespor,Erkan Özdamar
19,2025-01-11,Beşiktaş,2–1,BB Bodrumspor,Mehmet Türkmen
19,2025-01-12,Sivasspor,1–1,Alanyaspor,Muhammetali Metoğlu
19,2025-01-12,Trabzonspor,5–0,Antalyaspor,Cihan Aydın
19,2025-01-12,Gaziantep FK,1–0,Adana Demirspor,Ozan Ergün
19,2025-01-12,Başakşehir,1–2,Galatasaray,Atilla Karaoğlan
19,2025-01-13,Konyaspor,2–3,Fenerbahçe,Direnç Tonusluoğlu
19,2025-01-13,Göztepe,5–0,Kasımpaşa,Umit Öztürk
,,,,,
20,2025-01-17,Hatayspor,1–1,Galatasaray,Cihan Aydın
20,2025-01-18,Başakşehir,2–0,Rizespor,Oğuzhan Çakir
20,2025-01-18,Gaziantep FK,0–0,BB Bodrumspor,Muhammetali Metoğlu
20,2025-01-18,Beşiktaş,0–0,Samsunspor,Kadir Sağlam
20,2025-01-19,Göztepe,1–0,Antalyaspor,Çağdaş Altay
20,2025-01-19,Konyaspor,3–3,Kasımpaşa,Burak Pakkan
20,2025-01-19,Adana Demirspor,0–4,Fenerbahçe,Halil Umut Meler
20,2025-01-19,Eyüpspor,3–0,Alanyaspor,Yasin Kol
20,2025-01-20,Trabzonspor,4–0,Sivasspor,Zorbay Küçük
,,,,,
21,2025-01-24,Samsunspor,2–1,Gaziantep FK,Umit Öztürk
21,2025-01-25,Sivasspor,5–2,Kayserispor,Burak Pakkan
21,2025-01-25,Alanyaspor,5–4,Başakşehir,Emre Kargın
21,2025-01-25,Galatasaray,1–0,Konyaspor,Halil Umut Meler
21,2025-01-26,Rizespor,3–2,Adana Demirspor,Çağdaş Altay
21,2025-01-26,Antalyaspor,1–1,Beşiktaş,Oğuzhan Çakir
21,2025-01-26,BB Bodrumspor,0–1,Eyüpspor,Ozan Ergün
21,2025-01-26,Fenerbahçe,3–2,Göztepe,Atilla Karaoğlan
21,2025-01-27,Kasımpaşa,5–4,Hatayspor,Muhammetali Metoğlu
Wk,Date,Home,Score,Away,Referee
,,,,,
22,2025-01-31,Konyaspor,3–1,BB Bodrumspor,Umit Öztürk
22,2025-01-31,Eyüpspor,1–0,Sivasspor,Atilla Karaoğlan
22,2025-02-01,Hatayspor,2–3,Antalyaspor,Direnç Tonusluoğlu
22,2025-02-01,Kayserispor,0–0,Trabzonspor,Ali Şansalan
22,2025-02-01,Başakşehir,4–0,Samsunspor,Çağdaş Altay
22,2025-02-02,Adana Demirspor,3–5,Kasımpaşa,Yasin Kol
22,2025-02-02,Göztepe,0–1,Alanyaspor,Arda Kardeşler
22,2025-02-02,Fenerbahçe,3–2,Rizespor,Burak Pakkan
22,2025-02-03,Gaziantep FK,0–1,Galatasaray,Kadir Sağlam
,,,,,
23,2025-02-07,Samsunspor,2–0,Hatayspor,Alper Akarsu
23,2025-02-08,Kayserispor,3–2,Konyaspor,Çağdaş Altay
23,2025-02-08,Sivasspor,0–2,Beşiktaş,Ali Şansalan
23,2025-02-09,Kasımpaşa,3–2,Rizespor,Ozan Ergün
23,2025-02-09,Alanyaspor,0–2,Fenerbahçe,Cihan Aydın
23,2025-02-09,Antalyaspor,0–0,Başakşehir,Zorbay Küçük
23,2025-02-09,Galatasaray,3–0,Adana Demirspor,Oğuzhan Çakir
23,2025-02-10,Trabzonspor,1–0,Eyüpspor,Mehmet Türkmen
23,2025-02-10,BB Bodrumspor,0–0,Göztepe,Yasin Kol
,,,,,
24,2025-02-14,Adana Demirspor,1–1,Antalyaspor,Kadir Sağlam
24,2025-02-15,Gaziantep FK,2–1,Sivasspor,Ozan Ergün
24,2025-02-15,Başakşehir,0–1,BB Bodrumspor,Halil Umut Meler
24,2025-02-15,Beşiktaş,2–1,Trabzonspor,Cihan Aydın
24,2025-02-16,Hatayspor,1–0,Alanyaspor,Adnan Deniz Kayatepe
24,2025-02-16,Konyaspor,0–1,Samsunspor,Yasin Kol
24,2025-02-16,Eyüpspor,1–1,Kayserispor,Direnç Tonusluoğlu
24,2025-02-16,Fenerbahçe,3–1,Kasımpaşa,Ali Şansalan
24,2025-02-17,Rizespor,1–2,Galatasaray,Zorbay Küçük
,,,,,
25,2025-02-21,Eyüpspor,1–3,Beşiktaş,Muhammetali Metoğlu
25,2025-02-21,BB Bodrumspor,1–0,Hatayspor,Ali Şansalan
25,2025-02-22,Sivasspor,1–1,Konyaspor,Zorbay Küçük
25,2025-02-22,Antalyaspor,2–1,Kasımpaşa,Adnan Deniz Kayatepe
Wk,Date,Home,Score,Away,Referee
25,2025-02-22,Samsunspor,2–3,Rizespor,Halil Umut Meler
25,2025-02-23,Kayserispor,1–0,Göztepe,Cihan Aydın
25,2025-02-23,Alanyaspor,3–2,Adana Demirspor,Ozan Ergün
25,2025-02-23,Trabzonspor,3–2,Gaziantep FK,Atilla Karaoğlan
25,2025-02-24,Galatasaray,0–0,Fenerbahçe,Slavko Vinčič
,,,,,
26,2025-03-01,Adana Demirspor,0–0,BB Bodrumspor,Çağdaş Altay
26,2025-03-01,Beşiktaş,2–0,Kayserispor,Halil Umut Meler
26,2025-03-02,Rizespor,3–1,Alanyaspor,Ali Şansalan
26,2025-03-02,Kasımpaşa,3–3,Galatasaray,Cihan Aydın
26,2025-03-02,Fenerbahçe,3–0,Antalyaspor,Mehmet Türkmen
26,2025-03-03,Konyaspor,1–0,Trabzonspor,Ozan Ergün
26,2025-03-03,Gaziantep FK,3–1,Eyüpspor,Alper Akarsu
26,2025-03-03,Göztepe,2–2,Samsunspor,Oğuzhan Çakir
26,2025-03-03,Başakşehir,1–0,Sivasspor,Muhammetali Metoğlu
,,,,,
27,2025-03-07,BB Bodrumspor,1–0,Kasımpaşa,Mehmet Türkmen
27,2025-03-08,Kayserispor,3–1,Başakşehir,Ali Şansalan
27,2025-03-08,Antalyaspor,2–1,Rizespor,Cihan Aydın
27,2025-03-08,Trabzonspor,1–2,Hatayspor,Alper Akarsu
27,2025-03-09,Sivasspor,3–1,Göztepe,Burak Pakkan
27,2025-03-09,Samsunspor,3–2,Adana Demirspor,Arda Kardeşler
27,2025-03-09,Eyüpspor,2–1,Konyaspor,Atilla Karaoğlan
27,2025-03-09,Alanyaspor,1–2,Galatasaray,Yasin Kol
27,2025-03-10,Beşiktaş,1–2,Gaziantep FK,Zorbay Küçük
,,,,,
28,2025-03-14,Galatasaray,4–0,Antalyaspor,Ozan Ergün
28,2025-03-15,Gaziantep FK,1–0,Kayserispor,Arda Kardeşler
28,2025-03-15,Kasımpaşa,2–1,Alanyaspor,Halil Umut Meler
28,2025-03-15,Başakşehir,0–3,Trabzonspor,Mehmet Türkmen
28,2025-03-15,Konyaspor,1–0,Beşiktaş,Ali Şansalan
28,2025-03-16,Rizespor,0–2,BB Bodrumspor,Kadir Sağlam
28,2025-03-16,Göztepe,1–1,Eyüpspor,Yasin Kol
28,2025-03-16,Hatayspor,3–2,Sivasspor,Çağdaş Altay
28,2025-03-16,Fenerbahçe,0–0,Samsunspor,Cihan Aydın
Wk,Date,Home,Score,Away,Referee
,,,,,
29,2025-03-28,Antalyaspor,2–1,Alanyaspor,Burak Pakkan
29,2025-03-28,Kayserispor,5–0,Hatayspor,Batuhan Kolak
29,2025-03-28,Konyaspor,1–0,Gaziantep FK,Oğuzhan Çakir
29,2025-03-28,BB Bodrumspor,2–4,Fenerbahçe,Atilla Karaoğlan
29,2025-03-29,Sivasspor,5–1,Adana Demirspor,Ozan Ergün
29,2025-03-29,Samsunspor,0–2,Kasımpaşa,Zorbay Küçük
29,2025-03-29,Trabzonspor,1–1,Göztepe,Ali Şansalan
29,2025-03-29,Beşiktaş,2–1,Galatasaray,Yasin Kol
29,2025-03-31,Eyüpspor,1–3,Başakşehir,Arda Kardeşler
,,,,,
30,2025-04-04,Adana Demirspor,0–2,Kayserispor,Direnç Tonusluoğlu
30,2025-04-05,Rizespor,1–1,Sivasspor,Oğuzhan Çakir
30,2025-04-05,Başakşehir,1–0,Konyaspor,Çağdaş Altay
30,2025-04-05,Antalyaspor,2–1,Samsunspor,Umit Öztürk
30,2025-04-06,Alanyaspor,0–1,BB Bodrumspor,Arda Kardeşler
30,2025-04-06,Hatayspor,0–1,Eyüpspor,Burak Pakkan
30,2025-04-06,Fenerbahçe,4–1,Trabzonspor,Mehmet Türkmen
30,2025-04-07,Göztepe,1–1,Gaziantep FK,Adnan Deniz Kayatepe
30,2025-04-07,Kasımpaşa,1–1,Beşiktaş,Kadir Sağlam
,,,,,
31,2025-04-11,Samsunspor,0–2,Galatasaray,Ozan Ergün
31,2025-04-12,Konyaspor,1–0,Göztepe,Umit Öztürk
31,2025-04-12,BB Bodrumspor,0–0,Antalyaspor,Direnç Tonusluoğlu
31,2025-04-12,Beşiktaş,0–2,Başakşehir,Cihan Aydın
31,2025-04-13,Gaziantep FK,2–1,Hatayspor,Ali Şansalan
31,2025-04-13,Kayserispor,1–0,Kasımpaşa,Abdullah Taşkınsoy
31,2025-04-13,Trabzonspor,2–0,Rizespor,Çağdaş Altay
31,2025-04-13,Sivasspor,1–3,Fenerbahçe,Yasin Kol
31,2025-04-14,Eyüpspor,6–0,Adana Demirspor,Alper Akarsu
,,,,,
32,2025-04-18,Hatayspor,2–3,Konyaspor,Halil Umut Meler
32,2025-04-18,Galatasaray,2–0,BB Bodrumspor,Mehmet Türkmen
32,2025-04-19,Kasımpaşa,3–1,Sivasspor,Ali Şansalan
32,2025-04-19,Adana Demirspor,0–1,Trabzonspor,Abdullah Taşkınsoy
Wk,Date,Home,Score,Away,Referee
32,2025-04-19,Göztepe,1–1,Beşiktaş,Ozan Ergün
32,2025-04-20,Başakşehir,2–1,Gaziantep FK,Zorbay Küçük
32,2025-04-20,Rizespor,1–0,Eyüpspor,Umit Öztürk
32,2025-04-20,Fenerbahçe,3–3,Kayserispor,Oğuzhan Çakir
32,2025-04-21,Alanyaspor,1–0,Samsunspor,Atilla Karaoğlan
,,,,,
33,2025-04-25,Beşiktaş,5–1,Hatayspor,Adnan Deniz Kayatepe
33,2025-04-26,Sivasspor,2–0,Antalyaspor,Burak Pakkan
33,2025-04-26,BB Bodrumspor,1–2,Samsunspor,Yasin Kol
33,2025-04-26,Gaziantep FK,1–3,Fenerbahçe,Direnç Tonusluoğlu
33,2025-04-27,Konyaspor,3–1,Adana Demirspor,Arda Kardeşler
33,2025-04-27,Trabzonspor,4–3,Alanyaspor,Ali Şansalan
33,2025-04-27,Eyüpspor,1–5,Galatasaray,Çağdaş Altay
33,2025-04-27,Kayserispor,1–0,Rizespor,Atilla Karaoğlan
33,2025-04-28,Göztepe,4–1,Başakşehir,Kadir Sağlam
,,,,,
34,2025-05-02,Antalyaspor,1–0,Konyaspor,Cihan Aydın
34,2025-05-03,Alanyaspor,1–1,Kayserispor,Umit Öztürk
34,2025-05-03,Rizespor,2–0,Gaziantep FK,Mehmet Türkmen
34,2025-05-03,Galatasaray,4–1,Sivasspor,Ozan Ergün
34,2025-05-03,Hatayspor,2–4,Başakşehir,Ali Yılmaz
34,2025-05-04,Samsunspor,3–0,Eyüpspor,Muhammetali Metoğlu
34,2025-05-04,Adana Demirspor,1–2,Göztepe,Batuhan Kolak
34,2025-05-04,Fenerbahçe,0–1,Beşiktaş,Yasin Kol
34,2025-05-05,Kasımpaşa,1–1,Trabzonspor,Halil Umut Meler
,,,,,
35,2025-05-09,Başakşehir,1–4,Fenerbahçe,Burak Pakkan
35,2025-05-09,Gaziantep FK,0–1,Alanyaspor,Kadir Sağlam
35,2025-05-10,Eyüpspor,0–3,Kasımpaşa,Adnan Deniz Kayatepe
35,2025-05-10,Konyaspor,2–1,Rizespor,Ozan Ergün
35,2025-05-10,Trabzonspor,0–2,Galatasaray,Atilla Karaoğlan
35,2025-05-11,Sivasspor,0–0,BB Bodrumspor,Umit Öztürk
35,2025-05-11,Göztepe,1–1,Hatayspor,Abdullah Taşkınsoy
35,2025-05-11,Beşiktaş,4–1,Adana Demirspor,Çağdaş Altay
35,2025-05-12,Kayserispor,3–1,Antalyaspor,Arda Kardeşler
Wk,Date,Home,Score,Away,Referee
,,,,,
36,2025-05-17,Adana Demirspor,0–5,Hatayspor,Ömer Faruk Turtay
36,2025-05-18,Samsunspor,1–0,Sivasspor,Halil Umut Meler
36,2025-05-18,Rizespor,6–3,Göztepe,Oğuzhan Çakir
36,2025-05-18,Fenerbahçe,2–1,Eyüpspor,Ozan Ergün
36,2025-05-18,Alanyaspor,1–1,Beşiktaş,Mehmet Türkmen
36,2025-05-18,Antalyaspor,0–0,Gaziantep FK,Alper Akarsu
36,2025-05-18,Kasımpaşa,2–3,Başakşehir,Atilla Karaoğlan
36,2025-05-18,Galatasaray,3–0,Kayserispor,Ali Şansalan
36,2025-05-18,BB Bodrumspor,1–1,Trabzonspor,Çağdaş Altay
,,,,,
37,2025-05-24,Eyüpspor,2–1,Antalyaspor,Oğuzhan Aksu
37,2025-05-24,Göztepe,0–2,Galatasaray,Batuhan Kolak
37,2025-05-24,Gaziantep FK,2–2,Kasımpaşa,Fatih Tokail
37,2025-05-25,Konyaspor,1–2,Alanyaspor,Atilla Karaoğlan
37,2025-05-25,Kayserispor,1–1,BB Bodrumspor,Kadir Sağlam
37,2025-05-25,Beşiktaş,1–2,Rizespor,Halil Umut Meler
37,2025-05-25,Trabzonspor,2–2,Samsunspor,Ozan Ergün
37,2025-05-25,Başakşehir,2–3,Adana Demirspor,Gürcan Hasova
37,2025-05-26,Hatayspor,4–2,Fenerbahçe,Yiğit Arslan
,,,,,
38,2025-05-30,Galatasaray,2–0,Başakşehir,Abdullah Taşkınsoy
38,2025-05-30,Kasımpaşa,1–2,Göztepe,Sarper Barış Saka
38,2025-05-30,Antalyaspor,0–2,Trabzonspor,Ali Yılmaz
38,2025-05-31,Rizespor,5–2,Hatayspor,Alper Akarsu
38,2025-05-31,Fenerbahçe,2–1,Konyaspor,Oğuzhan Çakir
38,2025-05-31,Alanyaspor,2–0,Sivasspor,Kadir Sağlam
38,2025-05-31,Adana Demirspor,2–2,Gaziantep FK,Alpaslan Şen
38,2025-06-01,BB Bodrumspor,0–4,Beşiktaş,Cihan Aydın
38,2025-06-01,Samsunspor,2–1,Kayserispor,Atilla Karaoğlan
,,,,,
Wk,Date,Home,Score,Away,Referee
1,2025-08-08,Gaziantep FK,0–3,Galatasaray,Ali Şansalan
1,2025-08-09,Samsunspor,2–1,Gençlerbirliği,Ali Yılmaz
1,2025-08-09,Antalyaspor,2–1,Kasımpaşa,Alper Akarsu
1,2025-08-10,Rizespor,0–3,Göztepe,Mehmet Türkmen
1,2025-08-10,Eyüpspor,1–4,Konyaspor,Batuhan Kolak
1,2025-08-11,Trabzonspor,1–0,Kocaelispor,Çağdaş Altay
,,,,,
2,2025-08-15,Galatasaray,3–0,Fatih Karagümrük,Ozan Ergün
2,2025-08-16,Kocaelispor,0–1,Samsunspor,Zorbay Küçük
2,2025-08-16,Göztepe,0–0,Fenerbahçe,Yasin Kol
2,2025-08-16,Alanyaspor,0–0,Rizespor,Atilla Karaoğlan
2,2025-08-17,Konyaspor,3–0,Gaziantep FK,Adnan Deniz Kayatepe
2,2025-08-17,Gençlerbirliği,0–1,Antalyaspor,Oğuzhan Aksu
2,2025-08-17,Başakşehir,1–1,Kayserispor,Kadir Sağlam
2,2025-08-17,Beşiktaş,2–1,Eyüpspor,Halil Umut Meler
2,2025-08-18,Kasımpaşa,0–1,Trabzonspor,Cihan Aydın
,,,,,
3,2025-08-22,Fatih Karagümrük,0–2,Göztepe,Batuhan Kolak
3,2025-08-23,Fenerbahçe,3–1,Kocaelispor,Mehmet Türkmen
3,2025-08-23,Gaziantep FK,2–1,Gençlerbirliği,Atilla Karaoğlan
3,2025-08-24,Trabzonspor,1–0,Antalyaspor,Ali Yılmaz
3,2025-08-24,Kayserispor,0–4,Galatasaray,Alper Akarsu
3,2025-08-25,Eyüpspor,2–1,Alanyaspor,Arda Kardeşler
,,,,,
4,2025-08-29,Göztepe,1–1,Konyaspor,Ali Şansalan
4,2025-08-30,Kocaelispor,1–1,Kayserispor,Yasin Kol
4,2025-08-30,Kasımpaşa,2–3,Gaziantep FK,Ozan Ergün
4,2025-08-30,Antalyaspor,1–2,Fatih Karagümrük,Cihan Aydın
4,2025-08-30,Galatasaray,3–1,Rizespor,Ali Yılmaz
4,2025-08-31,Başakşehir,0–0,Eyüpspor,Zorbay Küçük
4,2025-08-31,Gençlerbirliği,1–3,Fenerbahçe,Çağdaş Altay
4,2025-08-31,Trabzonspor,1–1,Samsunspor,Adnan Deniz Kayatepe
4,2025-08-31,Alanyaspor,2–0,Beşiktaş,Kadir Sağlam
,,,,,
5,2025-09-13,Samsunspor,1–2,Antalyaspor,Arda Kardeşler
Wk,Date,Home,Score,Away,Referee
5,2025-09-13,Fatih Karagümrük,0–1,Kasımpaşa,Oğuzhan Aksu
5,2025-09-13,Eyüpspor,0–2,Galatasaray,Batuhan Kolak
5,2025-09-13,Konyaspor,1–2,Alanyaspor,Halil Umut Meler
5,2025-09-13,Beşiktaş,2–1,Başakşehir,Alper Akarsu
5,2025-09-14,Kayserispor,1–1,Göztepe,Atilla Karaoğlan
5,2025-09-14,Gaziantep FK,2–0,Kocaelispor,Yiğit Arslan
5,2025-09-14,Fenerbahçe,1–0,Trabzonspor,Ozan Ergün
5,2025-09-15,Rizespor,1–0,Gençlerbirliği,Zorbay Küçük
,,,,,
1,2025-09-17,Fatih Karagümrük,0–2,Başakşehir,Ali Yılmaz
1,2025-09-17,Fenerbahçe,2–2,Alanyaspor,Cihan Aydın
,,,,,
3,2025-09-17,Samsunspor,0–0,Kasımpaşa,Ali Şansalan
,,,,,
6,2025-09-19,Göztepe,3–0,Beşiktaş,Mehmet Türkmen
6,2025-09-20,Gençlerbirliği,1–0,Eyüpspor,Ömer Tolga Güldibi
6,2025-09-20,Trabzonspor,1–1,Gaziantep FK,Arda Kardeşler
6,2025-09-20,Antalyaspor,1–1,Kayserispor,Kadir Sağlam
6,2025-09-21,Kocaelispor,1–1,Rizespor,Umit Öztürk
6,2025-09-21,Başakşehir,1–1,Alanyaspor,Adnan Deniz Kayatepe
6,2025-09-21,Kasımpaşa,1–1,Fenerbahçe,Oğuzhan Çakir
6,2025-09-21,Samsunspor,3–2,Fatih Karagümrük,Çağdaş Altay
6,2025-09-22,Galatasaray,3–1,Konyaspor,Yasin Kol
,,,,,
1,2025-09-24,Kayserispor,0–4,Beşiktaş,Adnan Deniz Kayatepe
,,,,,
7,2025-09-26,Alanyaspor,0–1,Galatasaray,Zorbay Küçük
7,2025-09-27,Gaziantep FK,2–2,Samsunspor,Batuhan Kolak
7,2025-09-27,Eyüpspor,0–0,Göztepe,Kadir Sağlam
7,2025-09-27,Fatih Karagümrük,3–4,Trabzonspor,Mehmet Türkmen
7,2025-09-28,Rizespor,1–2,Kasımpaşa,Çağdaş Altay
7,2025-09-28,Konyaspor,2–1,Başakşehir,Oğuzhan Çakir
7,2025-09-28,Fenerbahçe,2–0,Antalyaspor,Ali Yılmaz
7,2025-09-28,Kayserispor,1–1,Gençlerbirliği,Yiğit Arslan
7,2025-09-29,Beşiktaş,3–1,Kocaelispor,Ali Şansalan
Wk,Date,Home,Score,Away,Referee
,,,,,
8,2025-10-03,Antalyaspor,2–5,Rizespor,Ozan Ergün
8,2025-10-03,Trabzonspor,4–0,Kayserispor,Ali Şansalan
8,2025-10-04,Gençlerbirliği,2–2,Alanyaspor,Atilla Karaoğlan
8,2025-10-04,Kocaelispor,1–0,Eyüpspor,Adnan Deniz Kayatepe
8,2025-10-04,Galatasaray,1–1,Beşiktaş,Yasin Kol
8,2025-10-05,Kasımpaşa,1–1,Konyaspor,Alper Akarsu
8,2025-10-05,Fatih Karagümrük,0–2,Gaziantep FK,Oğuzhan Çakir
8,2025-10-05,Samsunspor,0–0,Fenerbahçe,Halil Umut Meler
8,2025-10-05,Göztepe,1–0,Başakşehir,Cihan Aydın
,,,,,
9,2025-10-18,Konyaspor,2–3,Kocaelispor,Kadir Sağlam
9,2025-10-18,Beşiktaş,1–2,Gençlerbirliği,Oğuzhan Çakir
9,2025-10-18,Rizespor,1–2,Trabzonspor,Halil Umut Meler
9,2025-10-18,Başakşehir,1–2,Galatasaray,Atilla Karaoğlan
9,2025-10-19,Kayserispor,1–3,Samsunspor,Umit Öztürk
9,2025-10-19,Alanyaspor,1–0,Göztepe,Ali Yılmaz
9,2025-10-19,Gaziantep FK,3–2,Antalyaspor,Erdem Mertoğlu
9,2025-10-19,Fenerbahçe,2–1,Fatih Karagümrük,Ali Şansalan
9,2025-10-20,Eyüpspor,2–0,Kasımpaşa,Cihan Aydın
,,,,,
3,2025-10-22,Rizespor,0–0,Başakşehir,Ali Yılmaz
3,2025-10-22,Konyaspor,0–2,Beşiktaş,Ozan Ergün
,,,,,
10,2025-10-24,Fatih Karagümrük,2–2,Kayserispor,Yasin Kol
10,2025-10-25,Kocaelispor,2–0,Alanyaspor,Mehmet Türkmen
10,2025-10-25,Trabzonspor,2–0,Eyüpspor,Zorbay Küçük
10,2025-10-26,Antalyaspor,0–4,Başakşehir,Umit Öztürk
10,2025-10-26,Galatasaray,3–1,Göztepe,Oğuzhan Çakir
10,2025-10-26,Gençlerbirliği,1–2,Konyaspor,Halil Umut Meler
10,2025-10-26,Kasımpaşa,1–1,Beşiktaş,Adnan Deniz Kayatepe
10,2025-10-27,Gaziantep FK,0–4,Fenerbahçe,Atilla Karaoğlan
10,2025-10-27,Samsunspor,1–1,Rizespor,Cihan Aydın
,,,,,
11,2025-10-31,Başakşehir,1–0,Kocaelispor,Batuhan Kolak
Wk,Date,Home,Score,Away,Referee
11,2025-11-01,Göztepe,1–0,Gençlerbirliği,Yasin Kol
11,2025-11-01,Galatasaray,0–0,Trabzonspor,Cihan Aydın
11,2025-11-02,Konyaspor,1–3,Samsunspor,Ali Şansalan
11,2025-11-02,Kayserispor,3–2,Kasımpaşa,Kadir Sağlam
11,2025-11-02,Beşiktaş,2–3,Fenerbahçe,Ali Yılmaz
11,2025-11-03,Eyüpspor,0–1,Antalyaspor,Alper Akarsu
11,2025-11-03,Rizespor,1–0,Fatih Karagümrük,Ömer Tolga Güldibi
11,2025-11-03,Alanyaspor,0–0,Gaziantep FK,Oğuzhan Aksu
,,,,,
12,2025-11-07,Gençlerbirliği,2–1,Başakşehir,Direnç Tonusluoğlu
12,2025-11-08,Gaziantep FK,2–2,Rizespor,Oğuzhan Çakir
12,2025-11-08,Trabzonspor,1–1,Alanyaspor,Ali Şansalan
12,2025-11-08,Kasımpaşa,0–2,Göztepe,Ömer Tolga Güldibi
12,2025-11-08,Antalyaspor,1–3,Beşiktaş,Cihan Aydın
12,2025-11-09,Fatih Karagümrük,2–0,Konyaspor,Adnan Deniz Kayatepe
12,2025-11-09,Kocaelispor,1–0,Galatasaray,Çağdaş Altay
12,2025-11-09,Samsunspor,1–0,Eyüpspor,Yasin Kol
12,2025-11-09,Fenerbahçe,4–2,Kayserispor,Ozan Ergün